time,doering22T15Ngoujon_decavg_temp
-7945,1.232800000000002
-7935,0.8428000000000022
-7925,1.291800000000003
-7915,0.7808000000000019
-7905,0.43780000000000285
-7895,0.6808000000000023
-7885,0.8278000000000008
-7875,0.8218000000000005
-7865,1.1708000000000007
-7855,1.453800000000002
-7845,1.599800000000001
-7835,1.8318000000000003
-7825,1.9348
-7815,1.7298000000000036
-7805,1.7948000000000013
-7795,1.8587999999999996
-7785,1.780800000000002
-7775,1.4808000000000012
-7765,1.4357999999999995
-7755,1.1008000000000022
-7745,1.5027999999999997
-7735,1.413800000000001
-7725,1.0418000000000012
-7715,0.6118000000000023
-7705,0.37480000000000135
-7695,0.3968000000000016
-7685,0.5268000000000015
-7675,0.7258000000000004
-7665,0.9948000000000023
-7655,0.8398000000000021
-7645,0.6618000000000022
-7635,0.6117999999999997
-7625,0.4368000000000025
-7615,0.38480000000000114
-7605,0.6658000000000017
-7595,1.0698000000000016
-7585,1.3318000000000003
-7575,1.3418
-7565,1.3238000000000012
-7555,1.2278000000000011
-7545,1.0848000000000004
-7535,1.0118000000000018
-7525,0.8598000000000008
-7515,0.5988000000000024
-7505,0.35180000000000167
-7495,0.16380000000000017
-7485,0.4148000000000005
-7475,0.6798000000000011
-7465,0.5147999999999993
-7455,0.3728000000000007
-7445,0.1437999999999997
-7435,0.3188000000000004
-7425,0.7028000000000016
-7415,0.9288000000000007
-7405,0.740800000000001
-7395,0.6138000000000021
-7385,0.6168000000000022
-7375,0.5508000000000024
-7365,0.42880000000000074
-7355,0.21680000000000188
-7345,0.47380000000000155
-7335,0.7428000000000026
-7325,1.1247999999999996
-7315,1.5198000000000027
-7305,1.4298000000000028
-7295,0.8708
-7285,0.8178000000000027
-7275,0.8628000000000009
-7265,0.8008000000000006
-7255,0.7878000000000025
-7245,0.7798000000000025
-7235,0.6118000000000023
-7225,0.1208000000000009
-7215,0.37780000000000147
-7205,0.6518000000000015
-7195,0.7538000000000027
-7185,0.8948000000000018
-7175,0.6398000000000019
-7165,0.16780000000000062
-7155,0.06180000000000252
-7145,0.19180000000000152
-7135,0.7508000000000008
-7125,1.1677999999999988
-7115,0.8768000000000002
-7105,0.5878000000000014
-7095,0.7168000000000019
-7085,0.8188000000000013
-7075,1.0058000000000016
-7065,1.2247999999999992
-7055,1.0838000000000028
-7045,0.5408000000000017
-7035,0.6438000000000015
-7025,0.6508000000000012
-7015,0.5628000000000011
-7005,0.4308000000000005
-6995,0.2168000000000001
-6985,0.10380000000000056
-6975,0.34380000000000255
-6965,0.559800000000001
-6955,0.671800000000002
-6945,0.7528000000000006
-6935,0.7077999999999998
-6925,0.6368000000000018
-6915,0.19980000000000064
-6905,-0.2981999999999987
-6895,-0.41919999999999913
-6885,-0.42519999999999847
-6875,-0.413199999999998
-6865,-0.5131999999999977
-6855,-0.3241999999999994
-6845,-0.06619999999999937
-6835,0.04380000000000184
-6825,0.11780000000000257
-6815,0.15080000000000204
-6805,0.18080000000000052
-6795,0.06280000000000108
-6785,-0.10519999999999907
-6775,-0.2411999999999992
-6765,-0.08519999999999772
-6755,0.03180000000000138
-6745,0.1388000000000007
-6735,0.21680000000000188
-6725,0.32580000000000187
-6715,0.4598000000000013
-6705,0.5188000000000015
-6695,0.4418000000000015
-6685,0.4278000000000022
-6675,0.40380000000000216
-6665,0.10880000000000045
-6655,0.1368000000000018
-6645,0.2918000000000003
-6635,0.32480000000000153
-6625,0.1838000000000024
-6615,-0.07619999999999738
-6605,0.41380000000000194
-6595,1.128800000000001
-6585,1.014800000000001
-6575,0.8228000000000009
-6565,0.5188000000000015
-6555,0.44280000000000275
-6545,0.8628000000000009
-6535,0.5608000000000013
-6525,-0.0741999999999976
-6515,-0.45119999999999916
-6505,-0.5471999999999984
-6495,-0.35219999999999807
-6485,-0.1371999999999991
-6475,0.051800000000000956
-6465,-0.0121999999999991
-6455,-0.036199999999998234
-6445,-0.007199999999999207
-6435,0.2218
-6425,0.41579999999999995
-6415,0.5148000000000019
-6405,0.5078000000000014
-6395,0.4308000000000023
-6385,0.36680000000000224
-6375,0.3728000000000007
-6365,0.5908000000000015
-6355,0.7548000000000012
-6345,0.5168000000000017
-6335,0.22380000000000155
-6325,0.3188000000000013
-6315,0.5718000000000014
-6305,0.5108000000000015
-6295,0.07280000000000086
-6285,-0.36019999999999897
-6275,-0.9041999999999986
-6265,-1.0231999999999983
-6255,-0.1271999999999993
-6245,0.019800000000000928
-6235,0.06480000000000263
-6225,0.16279999999999983
-6215,0.06280000000000108
-6205,0.026799999999999713
-6195,0.09980000000000189
-6185,0.11480000000000068
-6175,0.1598000000000015
-6165,0.17880000000000074
-6155,0.29180000000000206
-6145,0.461800000000002
-6135,0.5728000000000009
-6125,0.5198000000000009
-6115,0.3838000000000008
-6105,0.28880000000000194
-6095,0.34080000000000155
-6085,0.3578000000000019
-6075,0.3558000000000021
-6065,0.3608000000000029
-6055,0.4227999999999996
-6045,0.44980000000000064
-6035,0.22180000000000177
-6025,0.13580000000000148
-6015,0.6268000000000002
-6005,0.6778000000000022
-5995,0.37680000000000113
-5985,0.5318000000000023
-5975,0.6838000000000024
-5965,0.43380000000000063
-5955,0.06980000000000164
-5945,0.18180000000000263
-5935,0.3398000000000012
-5925,0.25180000000000113
-5915,0.1748000000000003
-5905,0.2538000000000027
-5895,0.727800000000002
-5885,1.035800000000001
-5875,1.1348000000000011
-5865,1.1398000000000001
-5855,0.9768000000000017
-5845,0.8248000000000015
-5835,0.7808000000000002
-5825,0.8108000000000013
-5815,0.8218000000000014
-5805,0.7758000000000012
-5795,0.5707999999999993
-5785,0.3318000000000012
-5775,0.1258000000000008
-5765,0.057800000000001184
-5755,0.010800000000001475
-5745,0.07780000000000076
-5735,0.17780000000000218
-5725,0.31680000000000064
-5715,0.38480000000000114
-5705,0.4458000000000011
-5695,0.41880000000000184
-5685,0.4028000000000018
-5675,0.36780000000000257
-5665,0.36980000000000235
-5655,0.5408000000000017
-5645,0.7188000000000017
-5635,0.8288000000000011
-5625,0.8588000000000022
-5615,0.7288000000000023
-5605,0.5538000000000007
-5595,0.7508000000000026
-5585,1.0888000000000018
-5575,1.2318000000000024
-5565,1.2678000000000003
-5555,1.2358000000000038
-5545,1.1498000000000017
-5535,0.7858000000000018
-5525,0.631800000000001
-5515,0.522800000000001
-5505,0.453800000000002
-5495,0.37780000000000147
-5485,0.35080000000000044
-5475,0.3498000000000019
-5465,0.3848000000000029
-5455,0.37980000000000125
-5445,0.37480000000000135
-5435,0.34080000000000155
-5425,0.31780000000000097
-5415,0.24580000000000268
-5405,0.24480000000000235
-5395,0.38780000000000125
-5385,0.7558000000000007
-5375,0.9568000000000021
-5365,0.7348000000000008
-5355,0.6388000000000007
-5345,0.7308000000000003
-5335,0.7368000000000006
-5325,0.49980000000000047
-5315,0.21579999999999977
-5305,0.08080000000000176
-5295,0.0378000000000025
-5285,0.17180000000000195
-5275,0.15580000000000194
-5265,0.0038000000000009138
-5255,-0.04119999999999813
-5245,0.25780000000000136
-5235,0.18980000000000086
-5225,0.07180000000000053
-5215,-0.15119999999999845
-5205,-0.3191999999999977
-5195,-0.18619999999999948
-5185,0.08380000000000098
-5175,0.05380000000000251
-5165,-0.13219999999999743
-5155,-0.2911999999999981
-5145,-0.2121999999999975
-5135,-0.4671999999999983
-5125,-0.7201999999999984
-5115,-0.6301999999999985
-5105,-0.5871999999999984
-5095,-0.44119999999999937
-5085,-0.18019999999999925
-5075,-0.12019999999999875
-5065,-0.259199999999999
-5055,-0.13019999999999943
-5045,-0.05120000000000058
-5035,-0.08819999999999961
-5025,-0.1991999999999976
-5015,-0.12119999999999909
-5005,-0.032199999999997786
-4995,-0.288199999999998
-4985,-0.5121999999999991
-4975,-0.5081999999999978
-4965,-0.36519999999999886
-4955,-0.20019999999999794
-4945,-0.10419999999999785
-4935,-0.19519999999999893
-4925,-0.2911999999999981
-4915,-0.3191999999999995
-4905,-0.047199999999998354
-4895,0.3628000000000009
-4885,0.35380000000000056
-4875,0.2408000000000028
-4865,0.1338000000000017
-4855,-0.10419999999999874
-4845,-0.3871999999999991
-4835,-0.7201999999999975
-4825,-0.8821999999999992
-4815,-0.9301999999999984
-4805,-1.0021999999999993
-4795,-0.815199999999999
-4785,-0.634199999999999
-4775,-0.47520000000000007
-4765,-0.44619999999999926
-4755,-0.4751999999999983
-4745,-0.2831999999999981
-4735,-0.147199999999998
-4725,-0.21119999999999983
-4715,-0.4831999999999983
-4705,-0.623199999999998
-4695,-0.6051999999999991
-4685,-0.4621999999999984
-4675,-0.21919999999999984
-4665,0.03180000000000138
-4655,-0.10619999999999852
-4645,-0.2791999999999977
-4635,-0.3351999999999995
-4625,-0.10619999999999852
-4615,0.10080000000000044
-4605,-0.1321999999999992
-4595,-0.16420000000000012
-4585,-0.05019999999999847
-4575,0.057800000000001184
-4565,0.02480000000000171
-4555,-0.2121999999999984
-4545,-0.5261999999999976
-4535,-0.8091999999999988
-4525,-0.23019999999999818
-4515,0.352800000000002
-4505,0.1858000000000004
-4495,-0.04019999999999868
-4485,-0.23119999999999852
-4475,-0.2821999999999978
-4465,-0.4181999999999979
-4455,-0.578199999999998
-4445,-0.7641999999999989
-4435,-0.9151999999999978
-4425,-0.9651999999999985
-4415,-0.9741999999999988
-4405,-0.9381999999999984
-4395,-0.8321999999999985
-4385,-0.719199999999999
-4375,-0.6811999999999987
-4365,-0.522199999999998
-4355,-0.4181999999999988
-4345,-0.3451999999999984
-4335,-0.30719999999999903
-4325,-0.5441999999999982
-4315,-0.19719999999999782
-4305,0.5088000000000017
-4295,0.6888000000000014
-4285,0.3678000000000008
-4275,0.07480000000000153
-4265,-0.3611999999999993
-4255,-0.6031999999999975
-4245,-0.32119999999999926
-4235,-0.14019999999999921
-4225,-0.018199999999999328
-4215,0.16080000000000183
-4205,0.2248000000000019
-4195,0.17880000000000074
-4185,-0.008199999999999541
-4175,-0.29919999999999813
-4165,-0.956199999999999
-4155,-0.9591999999999983
-4145,-0.21819999999999862
-4135,0.3118000000000025
-4125,-0.017199999999998106
-4115,-0.32319999999999904
-4105,-0.2751999999999981
-4095,-0.22719999999999896
-4085,-0.24019999999999886
-4075,-0.4521999999999995
-4065,-0.7631999999999994
-4055,-0.7781999999999982
-4045,-0.1872000000000016
-4035,-0.18419999999999703
-4025,-0.43019999999999836
-4015,-0.2461999999999991
-4005,-0.09919999999999796
-3995,0.10880000000000045
-3985,0.02680000000000149
-3975,-0.2501999999999951
-3965,-0.2281999999999984
-3955,-0.16719999999999846
-3945,-0.05019999999999847
-3935,-0.030199999999998006
-3925,-0.025199999999998113
-3915,-0.12819999999999876
-3905,-0.23219999999999885
-3895,-0.16919999999999913
-3885,-0.0641999999999987
-3875,0.07680000000000131
-3865,0.1318000000000028
-3855,-0.0511999999999988
-3845,-0.2331999999999983
-3835,-0.1341999999999972
-3825,0.02880000000000127
-3815,0.2838000000000003
-3805,0.3788000000000009
-3795,-0.18819999999999748
-3785,-0.09819999999999851
-3775,0.06180000000000252
-3765,-0.15819999999999812
-3755,-0.32819999999999805
-3745,-0.17719999999999914
-3735,-0.09119999999999795
-3725,-0.20919999999999828
-3715,-0.405199999999998
-3705,-0.424199999999999
-3695,-0.5431999999999988
-3685,-0.7001999999999979
-3675,-0.3421999999999983
-3665,-0.030199999999999783
-3655,-0.2821999999999978
-3645,-0.21819999999999862
-3635,-0.16619999999999813
-3625,-0.5061999999999989
-3615,-1.0141999999999989
-3605,-1.009199999999999
-3595,-0.7191999999999998
-3585,-0.4521999999999977
-3575,-0.13819999999999766
-3565,0.29380000000000184
-3555,0.6188000000000011
-3545,0.3938000000000015
-3535,0.10480000000000178
-3525,0.034800000000001496
-3515,-0.09019999999999762
-3505,0.25180000000000113
-3495,0.4408000000000012
-3485,0.2848000000000015
-3475,0.20580000000000087
-3465,0.2138
-3455,0.06880000000000042
-3445,-0.14719999999999978
-3435,-0.38319999999999776
-3425,-0.3901999999999992
-3415,-0.2381999999999982
-3405,0.020799999999999486
-3395,-0.30219999999999914
-3385,-0.573199999999999
-3375,-0.26019999999999754
-3365,0.06480000000000086
-3355,0.20580000000000176
-3345,-0.06119999999999859
-3335,-0.19719999999999782
-3325,-0.11219999999999875
-3315,-0.0121999999999991
-3305,0.018799999999999706
-3295,0.1598000000000015
-3285,0.2748000000000017
-3275,0.3288000000000011
-3265,-0.07119999999999749
-3255,-0.03719999999999857
-3245,0.4588000000000019
-3235,0.5508000000000006
-3225,0.42680000000000096
-3215,0.35680000000000067
-3205,0.4128000000000016
-3195,0.41980000000000217
-3185,-0.036199999999998234
-3175,-0.20920000000000005
-3165,-0.2851999999999988
-3155,-0.11819999999999897
-3145,0.20880000000000187
-3135,0.008800000000000807
-3125,-0.33119999999999816
-3115,-0.3081999999999985
-3105,-0.20119999999999916
-3095,0.006800000000002804
-3085,0.1338000000000017
-3075,0.3708000000000009
-3065,0.2748000000000017
-3055,-0.17819999999999858
-3045,-0.5901999999999985
-3035,-0.8541999999999996
-3025,-0.9411999999999985
-3015,-0.8711999999999991
-3005,-0.4471999999999978
-2995,-0.1731999999999987
-2985,-0.13519999999999932
-2975,-0.11919999999999842
-2965,-0.05319999999999858
-2955,-0.08319999999999794
-2945,0.13280000000000047
-2935,0.1838000000000024
-2925,-0.11919999999999842
-2915,-0.36719999999999864
-2905,-0.5961999999999987
-2895,-0.7001999999999997
-2885,-0.6971999999999987
-2875,-0.6241999999999992
-2865,-0.46720000000000006
-2855,-0.2461999999999991
-2845,0.028800000000002157
-2835,-0.030199999999999783
-2825,-0.5211999999999994
-2815,-0.3201999999999998
-2805,-0.06919999999999948
-2795,-0.07319999999999727
-2785,-0.11719999999999864
-2775,-0.10719999999999885
-2765,-0.04219999999999846
-2755,-0.16519999999999868
-2745,-0.4421999999999988
-2735,-0.44119999999999937
-2725,-0.15419999999999856
-2715,-0.28419999999999845
-2705,-0.5001999999999969
-2695,-0.5701999999999998
-2685,-0.5261999999999984
-2675,-0.4601999999999995
-2665,-0.5111999999999979
-2655,-0.42519999999999936
-2645,-0.1521999999999979
-2635,0.08280000000000154
-2625,-0.007199999999999207
-2615,-0.11119999999999841
-2605,-0.24519999999999875
-2595,-0.32019999999999893
-2585,-0.42819999999999947
-2575,-0.49019999999999886
-2565,-0.32519999999999794
-2555,-0.09319999999999773
-2545,-0.026199999999998447
-2535,0.028800000000002157
-2525,-0.12019999999999875
-2515,-0.08719999999999839
-2505,0.20380000000000198
-2495,0.18280000000000296
-2485,-0.12819999999999876
-2475,-0.4151999999999987
-2465,-0.7101999999999995
-2455,-0.8331999999999979
-2445,-0.9841999999999977
-2435,-0.8101999999999983
-2425,-0.626199999999999
-2415,-0.3401999999999985
-2405,0.025800000000001155
-2395,0.23880000000000212
-2385,0.3638000000000021
-2375,0.19480000000000164
-2365,-0.30919999999999703
-2355,-0.5231999999999983
-2345,-0.12319999999999887
-2335,0.19580000000000286
-2325,0.05680000000000085
-2315,-0.1241999999999992
-2305,-0.08819999999999961
-2295,-0.21619999999999973
-2285,-0.727199999999999
-2275,-1.1001999999999992
-2265,-0.9751999999999983
-2255,-0.7741999999999978
-2245,-0.6751999999999985
-2235,-0.7211999999999987
-2225,-0.8361999999999989
-2215,-1.0101999999999993
-2205,-0.8801999999999977
-2195,-0.5691999999999977
-2185,-0.7751999999999981
-2175,-1.166199999999999
-2165,-0.8551999999999991
-2155,-0.8671999999999995
-2145,-1.001199999999999
-2135,-1.1911999999999985
-2125,-1.158199999999999
-2115,-1.0001999999999978
-2105,-0.900199999999999
-2095,-0.7361999999999993
-2085,-0.5391999999999983
-2075,-0.5061999999999989
-2065,-0.5341999999999976
-2055,-0.5471999999999984
-2045,-0.43219999999999903
-2035,-0.6241999999999992
-2025,-0.8311999999999982
-2015,-0.7991999999999981
-2005,-0.3011999999999988
-1995,0.05580000000000229
-1985,-0.3341999999999983
-1975,-0.7241999999999988
-1965,-0.5791999999999993
-1955,-0.1241999999999992
-1945,-0.11419999999999852
-1935,-0.25819999999999776
-1925,-0.28119999999999834
-1915,-0.08919999999999817
-1905,0.005800000000001582
-1895,0.16680000000000028
-1885,0.03380000000000205
-1875,-0.2511999999999972
-1865,-0.19319999999999915
-1855,0.07080000000000286
-1845,-0.10719999999999885
-1835,-0.3941999999999979
-1825,-0.6291999999999991
-1815,-0.7971999999999984
-1805,-0.19619999999999926
-1795,-0.3871999999999991
-1785,-0.8851999999999993
-1775,-0.9031999999999982
-1765,-0.7411999999999983
-1755,-0.9631999999999987
-1745,-1.3091999999999988
-1735,-0.6691999999999991
-1725,-0.12219999999999942
-1715,-0.2701999999999982
-1705,-0.5371999999999986
-1695,-0.7601999999999993
-1685,-0.8551999999999991
-1675,-0.42219999999999835
-1665,-0.026199999999998447
-1655,0.06580000000000297
-1645,-0.04019999999999868
-1635,-0.3561999999999985
-1625,-0.3611999999999984
-1615,-0.10420000000000051
-1605,-0.07319999999999904
-1595,-0.22719999999999896
-1585,-0.22719999999999896
-1575,0.4368000000000025
-1565,0.5518000000000001
-1555,0.5398000000000005
-1545,0.5448000000000004
-1535,0.5528000000000022
-1525,0.2717999999999998
-1515,0.07979999999999965
-1505,-0.09719999999999995
-1495,-0.2021999999999995
-1485,-0.3061999999999987
-1475,-0.2051999999999996
-1465,0.0868000000000011
-1455,0.11480000000000246
-1445,0.009799999999999365
-1435,0.020800000000001262
-1425,-0.08219999999999938
-1415,-0.47919999999999874
-1405,-0.5271999999999979
-1395,-0.3141999999999987
-1385,-0.0932000000000004
-1375,0.19280000000000275
-1365,0.4158000000000017
-1355,0.7578000000000014
-1345,1.1078000000000001
-1335,0.8838000000000017
-1325,0.49180000000000046
-1315,0.02179999999999982
-1305,-0.32619999999999916
-1295,-0.15319999999999823
-1285,0.007800000000001361
-1275,-0.4211999999999989
-1265,-0.9941999999999984
-1255,-0.8221999999999978
-1245,-0.4941999999999984
-1235,-0.3351999999999977
-1225,-0.3371999999999984
-1215,-0.397199999999998
-1205,-0.38619999999999965
-1195,-0.4281999999999986
-1185,-0.4891999999999994
-1175,-0.4811999999999985
-1165,-0.530199999999998
-1155,-0.549199999999999
-1145,-0.5801999999999978
-1135,-0.514199999999998
-1125,-0.296199999999998
-1115,-0.5591999999999988
-1105,-0.8351999999999986
-1095,-0.6571999999999987
-1085,-0.41220000000000034
-1075,-0.37519999999999953
-1065,-0.4991999999999992
-1055,-0.5791999999999975
-1045,-0.3061999999999987
-1035,-0.09719999999999818
-1025,-0.426199999999997
-1015,-0.30419999999999714
-1005,-0.12619999999999898
-995,-0.2551999999999994
-985,-0.5501999999999985
-975,-0.993199999999999
-965,-0.5881999999999996
-955,-0.5321999999999978
-945,-0.5811999999999982
-935,-0.541199999999999
-925,-0.5561999999999987
-915,0.17780000000000218
-905,-0.07519999999999705
-895,-0.36519999999999886
-885,-0.5491999999999981
-875,-0.28719999999999857
-865,-0.010199999999997544
-855,-0.1241999999999992
-845,0.020800000000001262
-835,-0.1341999999999972
-825,-0.21819999999999862
-815,-0.376199999999999
-805,-0.19819999999999904
-795,0.058800000000002406
-785,0.227800000000002
-775,-0.1321999999999992
-765,-0.4701999999999984
-755,-0.6751999999999985
-745,-0.38319999999999776
-735,-0.17419999999999902
-725,-0.11519999999999886
-715,-0.07019999999999893
-705,0.05080000000000062
-695,-0.1861999999999986
-685,-0.6251999999999986
-675,-0.6851999999999991
-665,-0.6321999999999992
-655,-0.7101999999999986
-645,-0.4701999999999984
-635,-0.1731999999999969
-625,-0.40119999999999845
-615,-0.4421999999999988
-605,-0.7451999999999979
-595,-0.5001999999999986
-585,-0.5461999999999989
-575,-0.5711999999999993
-565,-0.14619999999999767
-555,-0.1271999999999993
-545,0.040800000000001724
-535,0.16680000000000028
-525,-0.011199999999997878
-515,-0.47119999999999873
-505,-0.7761999999999984
-495,-1.0351999999999988
-485,-1.0551999999999984
-475,-0.45019999999999794
-465,-0.31319999999999926
-455,0.07780000000000165
-445,0.049800000000002065
-435,-0.288199999999998
-425,-0.8491999999999988
-415,-0.5851999999999986
-405,-0.5481999999999987
-395,-0.26819999999999755
-385,-0.272199999999998
-375,-0.3301999999999996
-365,-0.19119999999999937
-355,-0.3191999999999977
-345,-0.3811999999999989
-335,-0.8911999999999987
-325,-1.0271999999999997
-315,-0.9422000000000006
-305,-0.5721999999999978
-295,-0.34719999999999995
-285,-0.40619999999999834
-275,-0.4151999999999987
-265,-0.9471999999999978
-255,-1.0441999999999991
-245,-0.9241999999999981
-235,-0.7541999999999982
-225,-0.5261999999999976
-215,-0.4291999999999989
-205,-0.6961999999999993
