,time,doering22T15Ngoujon_decavg_temp__detrendedlinear
0,-8045,0.7843942043078593
1,-8035,0.6780696578033032
2,-8025,0.6527451112987475
3,-8015,0.9974205647941945
4,-8005,0.382096018289638
5,-7995,0.6397714717850835
6,-7985,0.522446925280529
7,-7975,0.6451223787759739
8,-7965,0.547797832271419
9,-7955,0.5444732857668644
10,-7945,0.576148739262309
11,-7935,0.18782419275775375
12,-7925,0.638499646253198
13,-7915,0.12917509974864405
14,-7905,-0.21214944675591152
15,-7895,0.0325260067395341
16,-7885,0.18120146023497874
17,-7875,0.1768769137304238
18,-7865,0.5275523672258675
19,-7855,0.8122278207213123
20,-7845,0.9599032742167584
21,-7835,1.193578727712202
22,-7825,1.298254181207649
23,-7815,1.0949296347030941
24,-7805,1.161605088198538
25,-7795,1.2272805416939834
26,-7785,1.1509559951894293
27,-7775,0.852631448684873
28,-7765,0.8093069021803183
29,-7755,0.47598235567576186
30,-7745,0.8796578091712082
31,-7735,0.792333262666653
32,-7725,0.42200871616209756
33,-7715,-0.006315830342457751
34,-7705,-0.24164037684701167
35,-7695,-0.21796492335156703
36,-7685,-0.08628946985612185
37,-7675,0.1143859836393224
38,-7665,0.3850614371347669
39,-7655,0.23173689063021286
40,-7645,0.055412344125659097
41,-7635,0.007087797621101899
42,-7625,-0.16623674888345086
43,-7615,-0.21656129538800695
44,-7605,0.06611415810743804
45,-7595,0.47178961160288324
46,-7585,0.7354650650983272
47,-7575,0.7471405185937732
48,-7565,0.7308159720892178
49,-7555,0.6364914255846621
50,-7545,0.4951668790801067
51,-7535,0.4238423325755525
52,-7525,0.27351778607099675
53,-7515,0.014193239566442806
54,-7505,-0.2311313069381118
55,-7495,-0.4174558534426671
56,-7485,-0.16478039994722327
57,-7475,0.10189505354822259
58,-7465,-0.06142949295633304
59,-7455,-0.2017540394608881
60,-7445,-0.429078585965442
61,-7435,-0.2524031324699978
62,-7425,0.13327232102544784
63,-7415,0.3609477745208922
64,-7405,0.1746232280163369
65,-7395,0.04929868151178329
66,-7385,0.053974135007228696
67,-7375,-0.010350411497328516
68,-7365,-0.1306749580018831
69,-7355,-0.34099950450643757
70,-7345,-0.0823240510109926
71,-7335,0.18835140248445192
72,-7325,0.5720268559798969
73,-7315,0.9687023094753417
74,-7305,0.8803777629707872
75,-7295,0.3230532164662314
76,-7285,0.27172866996167677
77,-7275,0.318404123457122
78,-7265,0.2580795769525661
79,-7255,0.2467550304480124
80,-7245,0.24043048394345767
81,-7235,0.07410593743890104
82,-7225,-0.41521860906565333
83,-7215,-0.15654315557020748
84,-7205,0.11913229792523694
85,-7195,0.22280775142068165
86,-7185,0.36548320491612607
87,-7175,0.11215865841157147
88,-7165,-0.35816588809298366
89,-7155,-0.46249043459753914
90,-7145,-0.33081498110209306
91,-7135,0.2298604723933515
92,-7125,0.6485359258887957
93,-7115,0.3592113793842415
94,-7105,0.07188683287968711
95,-7095,0.20256228637513196
96,-7085,0.3062377398705767
97,-7075,0.49491319336602224
98,-7065,0.7155886468614661
99,-7055,0.5762641003569131
100,-7045,0.03493955385235736
101,-7035,0.13961500734780152
102,-7025,0.14829046084324649
103,-7015,0.0619659143386917
104,-7005,-0.06835863216586269
105,-6995,-0.2806831786704178
106,-6985,-0.39200772517497473
107,-6975,-0.15033227167952834
108,-6965,0.06734318181591625
109,-6955,0.18101863531136164
110,-6945,0.26369408880680645
111,-6935,0.2203695423022518
112,-6925,0.1510449957976956
113,-6915,-0.2842795507068585
114,-6905,-0.7806040972114134
115,-6895,-0.8999286437159686
116,-6885,-0.9042531902205235
117,-6875,-0.8905777367250787
118,-6865,-0.988902283229633
119,-6855,-0.7982268297341895
120,-6845,-0.5385513762387424
121,-6835,-0.42687592274329855
122,-6825,-0.3512004692478543
123,-6815,-0.31652501575240954
124,-6805,-0.2848495622569631
125,-6795,-0.40117410876151904
126,-6785,-0.5674986552660739
127,-6775,-0.7018232017706287
128,-6765,-0.5441477482751846
129,-6755,-0.42547229477973936
130,-6745,-0.31679684128429386
131,-6735,-0.23712138778884828
132,-6725,-0.12644593429340478
133,-6715,0.009229519202040848
134,-6705,0.0699049726974863
135,-6695,-0.005419573807069256
136,-6685,-0.017744120311623313
137,-6675,-0.04006866681617893
138,-6665,-0.3333932133207336
139,-6655,-0.3037177598252896
140,-6645,-0.14704230632984316
141,-6635,-0.11236685283439929
142,-6625,-0.2516913993389531
143,-6615,-0.5100159458435094
144,-6605,-0.018340492348063897
145,-6595,0.6983349611473804
146,-6585,0.5860104146428249
147,-6575,0.39568586813827
148,-6565,0.09336132163371591
149,-6555,0.0190367751291598
150,-6545,0.440712228624605
151,-6535,0.1403876821200507
152,-6525,-0.49293686438450557
153,-6515,-0.8682614108890601
154,-6505,-0.962585957393614
155,-6495,-0.7659105038981702
156,-6485,-0.549235050402725
157,-6475,-0.3585595969072797
158,-6465,-0.42088414341183533
159,-6455,-0.4432086899163892
160,-6445,-0.41253323642094486
161,-6435,-0.18185778292549948
162,-6425,0.013817670569945761
163,-6415,0.11449312406538947
164,-6405,0.10916857756083509
165,-6395,0.03384403105628131
166,-6385,-0.028480515448274346
167,-6375,-0.020805061952830606
168,-6365,0.19887039154261554
169,-6355,0.36454584503805965
170,-6345,0.1282212985335054
171,-6335,-0.16310324797104947
172,-6325,-0.06642779447560532
173,-6315,0.18824765901984009
174,-6305,0.12892311251528543
175,-6295,-0.3074014339892708
176,-6285,-0.7387259804938253
177,-6275,-1.2810505269983796
178,-6265,-1.398375073502935
179,-6255,-0.5006996200074907
180,-6245,-0.35202416651204516
181,-6235,-0.3053487130166008
182,-6225,-0.20567325952115478
183,-6215,-0.30399780602571
184,-6205,-0.3383223525302652
185,-6195,-0.2636468990348195
186,-6185,-0.24697144553937633
187,-6175,-0.20029599204393023
188,-6165,-0.1796205385484857
189,-6155,-0.06494508505303997
190,-6145,0.10673036844240436
191,-6135,0.2194058219378494
192,-6125,0.16808127543329388
193,-6115,0.03375672892873993
194,-6105,-0.05956781757581453
195,-6095,-0.005892364080370527
196,-6085,0.01278308941507511
197,-6075,0.01245854291052062
198,-6065,0.019133996405964915
199,-6055,0.0828094499014087
200,-6045,0.11148490339685413
201,-6035,-0.11483964310770034
202,-6025,-0.19916418961225535
203,-6015,0.2935112638831887
204,-6005,0.34618671737863504
205,-5995,0.04686217087407929
206,-5985,0.20353762436952394
207,-5975,0.35721307786497025
208,-5965,0.10888853136041554
209,-5955,-0.2534360151441408
210,-5945,-0.13976056164869632
211,-5935,0.019914891846749327
212,-5925,-0.06640965465780635
213,-5915,-0.14173420116236013
214,-5905,-0.06105874766691599
215,-5895,0.4146167058285295
216,-5885,0.7242921593239737
217,-5875,0.8249676128194192
218,-5865,0.8316430663148626
219,-5855,0.6703185198103094
220,-5845,0.5199939733057546
221,-5835,0.4776694268011994
222,-5825,0.509344880296644
223,-5815,0.5220203337920886
224,-5805,0.4776957872875336
225,-5795,0.2743712407829788
226,-5785,0.03704669427842333
227,-5775,-0.16727785222613178
228,-5765,-0.2336023987306861
229,-5755,-0.2789269452352414
230,-5745,-0.21025149173979596
231,-5735,-0.10857603824435014
232,-5725,0.03209941525109361
233,-5715,0.10177486874653852
234,-5705,0.16445032224198375
235,-5695,0.1391257757374289
236,-5685,0.12480122923287418
237,-5675,0.09147668272831755
238,-5665,0.09515213622376262
239,-5655,0.26782758971920906
240,-5645,0.4475030432146534
241,-5635,0.5591784967100981
242,-5625,0.5908539502055445
243,-5615,0.4625294037009873
244,-5605,0.28920485719643274
245,-5595,0.4878803106918781
246,-5585,0.8275557641873235
247,-5575,0.9722312176827677
248,-5565,1.0099066711782125
249,-5555,0.9795821246736587
250,-5545,0.8952575781691037
251,-5535,0.5329330316645491
252,-5525,0.3806084851599927
253,-5515,0.273283938655438
254,-5505,0.20595939215088332
255,-5495,0.1316348456463281
256,-5485,0.10631029914177237
257,-5475,0.1069857526372191
258,-5465,0.14366120613266276
259,-5455,0.14033665962810815
260,-5445,0.13701211312355266
261,-5435,0.10468756661899814
262,-5425,0.08336302011444285
263,-5415,0.013038473609887191
264,-5405,0.013713927105333923
265,-5395,0.15838938060077812
266,-5385,0.5280648340962228
267,-5375,0.7307402875916678
268,-5365,0.5104157410871126
269,-5355,0.41609119458255783
270,-5345,0.5097666480780036
271,-5335,0.5174421015734474
272,-5325,0.2821175550688926
273,-5315,-0.00020699143566194067
274,-5305,-0.13353153794021644
275,-5295,-0.1748560844447722
276,-5285,-0.039180630949326556
277,-5275,-0.05350517745388217
278,-5265,-0.2038297239584379
279,-5255,-0.24715427046299165
280,-5245,0.053521183032452235
281,-5235,-0.01280336347210298
282,-5225,-0.12912790997665713
283,-5215,-0.3504524564812126
284,-5205,-0.5167770029857666
285,-5195,-0.38210154949032216
286,-5185,-0.1104260959948773
287,-5175,-0.13875064249943314
288,-5165,-0.3230751890039878
289,-5155,-0.4803997355085423
290,-5145,-0.3997242820130973
291,-5135,-0.6530488285176519
292,-5125,-0.9043733750222076
293,-5115,-0.8126979215267625
294,-5105,-0.768022468031317
295,-5095,-0.6203470145358718
296,-5085,-0.3576715610404282
297,-5075,-0.2959961075449824
298,-5065,-0.43332065404953823
299,-5055,-0.3026452005540916
300,-5045,-0.22196974705864747
301,-5035,-0.2572942935632039
302,-5025,-0.36661884006775836
303,-5015,-0.2869433865723128
304,-5005,-0.19626793307686796
305,-4995,-0.4505924795814229
306,-4985,-0.6729170260859787
307,-4975,-0.6672415725905321
308,-4965,-0.5225661190950879
309,-4955,-0.35589066559964255
310,-4945,-0.25821521210419807
311,-4935,-0.34753975860875297
312,-4925,-0.44186430511330776
313,-4915,-0.46818885161786206
314,-4905,-0.1945133981224174
315,-4895,0.21716205537302624
316,-4885,0.2098375088684712
317,-4875,0.09851296236391605
318,-4865,-0.006811584140637983
319,-4855,-0.24313613064519313
320,-4845,-0.5244606771497491
321,-4835,-0.8557852236543031
322,-4825,-1.0161097701588586
323,-4815,-1.0624343166634134
324,-4805,-1.1327588631679681
325,-4795,-0.9440834096725235
326,-4785,-0.761407956177079
327,-4775,-0.600732502681633
328,-4765,-0.5700570491861887
329,-4755,-0.5973815956907433
330,-4745,-0.4037061421952979
331,-4735,-0.26603068869985247
332,-4725,-0.3283552352044081
333,-4715,-0.5986797817089631
334,-4705,-0.7370043282135184
335,-4695,-0.7173288747180742
336,-4685,-0.5726534212226282
337,-4675,-0.3279779677271826
338,-4665,-0.07530251423173873
339,-4655,-0.21162706073629334
340,-4645,-0.3829516072408481
341,-4635,-0.4372761537454046
342,-4625,-0.20660070024995836
343,-4615,0.002074753245485006
344,-4605,-0.22924979325906936
345,-4595,-0.2595743397636232
346,-4585,-0.14389888626817893
347,-4575,-0.034223432772733986
348,-4565,-0.06554797927728817
349,-4555,-0.30087252578184387
350,-4545,-0.6131970722863986
351,-4535,-0.8945216187909537
352,-4525,-0.31384616529550957
353,-4515,0.2708292881999368
354,-4505,0.10550474169538049
355,-4495,-0.1188198048091742
356,-4485,-0.30814435131372875
357,-4475,-0.3574688978182845
358,-4465,-0.49179344432283933
359,-4455,-0.6501179908273933
360,-4445,-0.8344425373319488
361,-4435,-0.9837670838365042
362,-4425,-1.0320916303410588
363,-4415,-1.0394161768456147
364,-4405,-1.001740723350169
365,-4395,-0.8940652698547238
366,-4385,-0.7793898163592798
367,-4375,-0.7397143628638343
368,-4365,-0.5790389093683883
369,-4355,-0.4733634558729447
370,-4345,-0.398688002377499
371,-4335,-0.35901254888205436
372,-4325,-0.5943370953866092
373,-4315,-0.24566164189116346
374,-4305,0.46201381160428134
375,-4295,0.6436892650997255
376,-4285,0.32436471859517013
377,-4275,0.03304017209061616
378,-4265,-0.4012843744139394
379,-4255,-0.6416089209184941
380,-4245,-0.35793346742305054
381,-4235,-0.1752580139276052
382,-4225,-0.05158256043216003
383,-4215,0.12909289306328553
384,-4205,0.19476834655873088
385,-4195,0.15044380005417501
386,-4185,-0.034880746450379085
387,-4175,-0.32420529295493505
388,-4165,-0.9795298394594889
389,-4155,-0.9808543859640446
390,-4145,-0.23817893246859967
391,-4135,0.2934965210268441
392,-4125,-0.03382802547770947
393,-4115,-0.3381525719822651
394,-4105,-0.2884771184868198
395,-4095,-0.23880166499137534
396,-4085,-0.25012621149592995
397,-4075,-0.4604507580004862
398,-4065,-0.76977530450504
399,-4055,-0.7830998510095943
400,-4045,-0.19042439751415063
401,-4035,-0.18574894401870523
402,-4025,-0.4300734905232595
403,-4015,-0.24439803702781582
404,-4005,-0.09572258353237029
405,-3995,0.11395286996307608
406,-3985,0.03362832345851974
407,-3975,-0.2416962230460351
408,-3965,-0.21802076955058958
409,-3955,-0.15534531605514523
410,-3945,-0.03666986255969995
411,-3935,-0.0149944090642542
412,-3925,-0.008318955568809905
413,-3915,-0.10964350207336526
414,-3905,-0.21196804857792007
415,-3895,-0.14729259508247505
416,-3885,-0.040617141587030225
417,-3875,0.10205831190841419
418,-3865,0.1587337654038592
419,-3855,-0.022590781100695345
420,-3845,-0.20291532760525044
421,-3835,-0.10223987410980584
422,-3825,0.062435579385639706
423,-3815,0.3191110328810849
424,-3805,0.41578648637652904
425,-3795,-0.14953806012802584
426,-3785,-0.05786260663258069
427,-3775,0.10381284686286385
428,-3765,-0.11451169964169061
429,-3755,-0.28283624614624525
430,-3745,-0.13016079265080105
431,-3735,-0.04248533915535546
432,-3725,-0.1588098856599105
433,-3715,-0.35313443216446494
434,-3705,-0.37045897866902155
435,-3695,-0.48778352517357604
436,-3685,-0.6431080716781299
437,-3675,-0.28343261818268584
438,-3665,0.03024283531275973
439,-3655,-0.22008171119179565
440,-3645,-0.1544062576963512
441,-3635,-0.1007308042009063
442,-3625,-0.43905535070546087
443,-3615,-0.9453798972100156
444,-3605,-0.9387044437145713
445,-3595,-0.647028990219126
446,-3585,-0.37835353672368033
447,-3575,-0.06267808322823676
448,-3565,0.3709973702672098
449,-3555,0.6976728237626535
450,-3545,0.47434827725809914
451,-3535,0.18702373075354473
452,-3525,0.11869918424898884
453,-3515,-0.004625362255565868
454,-3505,0.33905009123987817
455,-3495,0.5297255447353235
456,-3485,0.3754009982307691
457,-3475,0.2980764517262138
458,-3465,0.3077519052216591
459,-3455,0.1644273587171039
460,-3445,-0.049897187787451
461,-3435,-0.2842217342920055
462,-3425,-0.28954628079656164
463,-3415,-0.1358708273011171
464,-3405,0.12480462619432853
465,-3395,-0.19651992031022658
466,-3385,-0.4658444668147821
467,-3375,-0.15116901331933708
468,-3365,0.1755064401761075
469,-3355,0.3181818936715537
470,-3345,0.052857347166998636
471,-3335,-0.0814671993375562
472,-3325,0.00520825415788817
473,-3315,0.1068837076533331
474,-3305,0.1395591611487781
475,-3295,0.2822346146442234
476,-3285,0.3989100681396689
477,-3275,0.4545855216351127
478,-3265,0.05626097513055761
479,-3255,0.0919364286260036
480,-3245,0.5896118821214484
481,-3235,0.6832873356168925
482,-3225,0.5609627891123381
483,-3215,0.4926382426077822
484,-3205,0.5503136961032284
485,-3195,0.5589891495986743
486,-3185,0.10466460309411829
487,-3175,-0.06665994341043646
488,-3165,-0.14098448991499168
489,-3155,0.027690963580452532
490,-3145,0.35636641707589867
491,-3135,0.1580418705713429
492,-3125,-0.18028267593321168
493,-3115,-0.1556072224377667
494,-3105,-0.04693176894232298
495,-3095,0.1627436845531225
496,-3085,0.29141913804856845
497,-3075,0.5300945915440121
498,-3065,0.43577004503945815
499,-3055,-0.015554501465096848
500,-3045,-0.42587904796965237
501,-3035,-0.6882035944742073
502,-3025,-0.7735281409787618
503,-3015,-0.7018526874833171
504,-3005,-0.2761772339878714
505,-2995,-0.0005017804924278835
506,-2985,0.03917367300301677
507,-2975,0.056849126498462965
508,-2965,0.1245245799939072
509,-2955,0.09620003348935313
510,-2945,0.3138754869847977
511,-2935,0.3665509404802414
512,-2925,0.06522639397568764
513,-2915,-0.1810981525288673
514,-2905,-0.408422699033423
515,-2895,-0.5107472455379778
516,-2885,-0.5060717920425324
517,-2875,-0.4313963385470876
518,-2865,-0.27272088505164227
519,-2855,-0.050045431556197784
520,-2845,0.22663002193924697
521,-2835,0.169305475434693
522,-2825,-0.32001907106986316
523,-2815,-0.11734361757441825
524,-2805,0.13533183592102827
525,-2795,0.13300728941647222
526,-2785,0.09068274291191702
527,-2775,0.1023581964073621
528,-2765,0.16903364990280778
529,-2755,0.04770910339825196
530,-2745,-0.22761544310630288
531,-2735,-0.22493998961085726
532,-2725,0.06373546388458706
533,-2715,-0.06458908261996754
534,-2705,-0.27891362912452333
535,-2695,-0.3472381756290783
536,-2685,-0.30156272213363255
537,-2675,-0.2338872686381892
538,-2665,-0.2832118151427423
539,-2655,-0.1955363616472976
540,-2645,0.07913909184814738
541,-2635,0.3158145453435921
542,-2625,0.22748999883903576
543,-2615,0.12516545233448184
544,-2605,-0.00715909417007321
545,-2595,-0.08048364067462899
546,-2585,-0.18680818717918335
547,-2575,-0.24713273368373834
548,-2565,-0.08045728018829301
549,-2555,0.1532181733071516
550,-2545,0.22189362680259705
551,-2535,0.27856908029804117
552,-2525,0.13124453379348644
553,-2515,0.1659199872889321
554,-2505,0.458595440784376
555,-2495,0.43927089427982136
556,-2485,0.1299463477752667
557,-2475,-0.15537819872928882
558,-2465,-0.44870274523384346
559,-2455,-0.5700272917383984
560,-2445,-0.7193518382429538
561,-2435,-0.5436763847475081
562,-2425,-0.35800093125206356
563,-2415,-0.07032547775661868
564,-2405,0.29734997573882627
565,-2395,0.5120254292342725
566,-2385,0.6387008827297169
567,-2375,0.47137633622516084
568,-2365,-0.030948210279394317
569,-2355,-0.24327275678394855
570,-2345,0.1584026967114962
571,-2335,0.47907815020694056
572,-2325,0.3417536037023856
573,-2315,0.16242905719783085
574,-2305,0.20010451069327484
575,-2295,0.07377996418872179
576,-2285,-0.43554458231583393
577,-2275,-0.8068691288203889
578,-2265,-0.6801936753249436
579,-2255,-0.47751822182949955
580,-2245,-0.37684276833405406
581,-2235,-0.42116731483860903
582,-2225,-0.534491861343164
583,-2215,-0.706816407847719
584,-2205,-0.5751409543522739
585,-2195,-0.2624655008568286
586,-2185,-0.46679004736138463
587,-2175,-0.8561145938659394
588,-2165,-0.543439140370495
589,-2155,-0.5537636868750493
590,-2145,-0.6860882333796043
591,-2135,-0.8744127798841594
592,-2125,-0.8397373263887147
593,-2115,-0.680061872893269
594,-2105,-0.5783864193978241
595,-2095,-0.4127109659023791
596,-2085,-0.21403551240693375
597,-2075,-0.17936005891148987
598,-2065,-0.20568460541604416
599,-2055,-0.21700915192059878
600,-2045,-0.10033369842515505
601,-2035,-0.29065824492970904
602,-2025,-0.4959827914342636
603,-2015,-0.4623073379388192
604,-2005,0.03736811555662545
605,-1995,0.39604356905207183
606,-1985,0.007719022547515664
607,-1975,-0.3806055239570396
608,-1965,-0.23393007046159475
609,-1955,0.22274538303384972
610,-1945,0.23442083652929568
611,-1935,0.09209629002474173
612,-1925,0.07077174352018556
613,-1915,0.264447197015631
614,-1905,0.36112265051107606
615,-1895,0.5237981040065209
616,-1885,0.3924735575019662
617,-1875,0.10914901099741048
618,-1865,0.1688244644928547
619,-1855,0.43449991798830023
620,-1845,0.2581753714837447
621,-1835,-0.027149175020809047
622,-1825,-0.26047372152536585
623,-1815,-0.4267982680299207
624,-1805,0.17587718546552455
625,-1795,-0.01344736103903088
626,-1785,-0.5097719075435849
627,-1775,-0.5260964540481394
628,-1765,-0.3624210005526951
629,-1755,-0.5827455470572502
630,-1745,-0.927070093561805
631,-1735,-0.28539464006636095
632,-1725,0.26328081342908494
633,-1715,0.11695626692453054
634,-1705,-0.1483682795800254
635,-1695,-0.36969282608458
636,-1685,-0.46301737258913533
637,-1675,-0.028341919093690215
638,-1665,0.369333534401755
639,-1655,0.4630089878971999
640,-1645,0.35868444139264444
641,-1635,0.04435989488808989
642,-1625,0.041035348383535286
643,-1615,0.29971080187897936
644,-1605,0.33238625537442434
645,-1595,0.18006170886986972
646,-1585,0.18173716236531412
647,-1575,0.8474126158607609
648,-1565,0.9640880693562046
649,-1555,0.9537635228516486
650,-1545,0.9604389763470955
651,-1535,0.9701144298425408
652,-1525,0.6907898833379846
653,-1515,0.5004653368334298
654,-1505,0.32514079032887544
655,-1495,0.22181624382431853
656,-1485,0.11949169731976461
657,-1475,0.22216715081520988
658,-1465,0.5158426043106541
659,-1455,0.545518057806099
660,-1445,0.44219351130154383
661,-1435,0.45486896479698924
662,-1425,0.353544418292433
663,-1415,-0.04178012821212107
664,-1405,-0.08810467471667671
665,-1395,0.12657077877876866
666,-1385,0.34924623227421403
667,-1375,0.6369216857696589
668,-1365,0.8615971392651041
669,-1355,1.205272592760549
670,-1345,1.5569480462559948
671,-1335,1.334623499751439
672,-1325,0.9442989532468848
673,-1315,0.4759744067423295
674,-1305,0.12964986023777314
675,-1295,0.30432531373321936
676,-1285,0.46700076722866424
677,-1275,0.03967622072410837
678,-1265,-0.5316483257804459
679,-1255,-0.35797287228500085
680,-1245,-0.02829741878955616
681,-1235,0.13237803470588805
682,-1225,0.13205348820133445
683,-1215,0.07372894169677924
684,-1205,0.08640439519222465
685,-1195,0.046079848687669234
686,-1185,-0.013244697816886308
687,-1175,-0.003569244321441012
688,-1165,-0.05089379082599521
689,-1155,-0.06821833733055183
690,-1145,-0.09754288383510534
691,-1135,-0.029867430339660217
692,-1125,0.18980802315578327
693,-1115,-0.07151652334877134
694,-1105,-0.34584106985332674
695,-1095,-0.16616561635788152
696,-1085,0.08050983713756388
697,-1075,0.1191852906330082
698,-1065,-0.003139255871547064
699,-1055,-0.08146380237610273
700,-1045,0.19321165111934313
701,-1035,0.40388710461478894
702,-1025,0.07656255811023271
703,-1015,0.2002380116056779
704,-1005,0.3799134651011231
705,-995,0.25258891859656885
706,-985,-0.04073562790798668
707,-975,-0.482060174412541
708,-965,-0.07538472091709725
709,-955,-0.01770926742165191
710,-945,-0.06503381392620611
711,-935,-0.02335836043076167
712,-925,-0.03668290693531695
713,-915,0.6989925465601292
714,-905,0.4476680000555735
715,-895,0.15934345355101787
716,-885,-0.022981092953537008
717,-875,0.24069436054190785
718,-865,0.5193698140373524
719,-855,0.4070452675327978
720,-845,0.5537207210282427
721,-835,0.4003961745236877
722,-825,0.31807162801913336
723,-815,0.1617470815145774
724,-805,0.3414225350100226
725,-795,0.6000979885054676
726,-785,0.7707734420009134
727,-775,0.41244889549635744
728,-765,0.07612434899180354
729,-755,-0.12720019751275302
730,-745,0.16647525598269386
731,-735,0.377150709478137
732,-725,0.43782616297358246
733,-715,0.4845016164690277
734,-705,0.6071770699644716
735,-695,0.3718525234599177
736,-685,-0.06547202304463795
737,-675,-0.12379656954919227
738,-665,-0.06912111605374704
739,-655,-0.14544566255830382
740,-645,0.09622979093714257
741,-635,0.39490524443258757
742,-625,0.1685806979280322
743,-615,0.12925615142347713
744,-605,-0.17206839508107752
745,-595,0.07460705841436699
746,-585,0.030282511909812015
747,-575,0.0069579654052569495
748,-565,0.4336334189007012
749,-555,0.4543088723961466
750,-545,0.6239843258915929
751,-535,0.7516597793870377
752,-525,0.575335232882483
753,-515,0.11701068637792744
754,-505,-0.18631386012662787
755,-495,-0.4436384066311829
756,-485,-0.4619629531357372
757,-475,0.14471250035970762
758,-465,0.2833879538551516
759,-455,0.6760634073505978
760,-445,0.6497388608460426
761,-435,0.3134143143414869
762,-425,-0.24591023216306773
763,-415,0.019765221332376903
764,-405,0.058440674827822114
765,-395,0.34011612832326676
766,-385,0.3377915818187125
767,-375,0.28146703531415795
768,-365,0.4221424888096026
769,-355,0.29581794230504777
770,-345,0.2354933958004919
771,-335,-0.2728311507040635
772,-325,-0.40715569720861833
773,-315,-0.32048024371317396
774,-305,0.05119520978227232
775,-295,0.27787066327771726
776,-285,0.2205461167731615
777,-275,0.21322157026860644
778,-265,-0.3171029762359483
779,-255,-0.4124275227405043
780,-245,-0.29075206924505803
781,-235,-0.1190766157496137
782,-225,0.11059883774583135
783,-215,0.20927429124127617
784,-205,-0.056050255263278004
