,time,erb22GMSTanom_decavg_temp__detrendedlinear
0,-8045.0,-0.15686859518771626
1,-8035.0,-0.15148912308616547
2,-8025.0,-0.1404614409846147
3,-8015.0,-0.1303992088830639
4,-8005.0,-0.13473389678151312
5,-7995.0,-0.12772372467996235
6,-7985.0,-0.13496950257841156
7,-7975.0,-0.13969895047686076
8,-7965.0,-0.13157991837531
9,-7955.0,-0.1434433562737592
10,-7945.0,-0.14294450417220841
11,-7935.0,-0.12511419207065766
12,-7925.0,-0.12783452996910685
13,-7915.0,-0.12856037786755609
14,-7905.0,-0.1083430257660053
15,-7895.0,-0.08942899366445449
16,-7885.0,-0.08900663156290373
17,-7875.0,-0.09119508946135292
18,-7865.0,-0.08592403735980216
19,-7855.0,-0.09549631525825138
20,-7845.0,-0.09919935315670059
21,-7835.0,-0.1019452010551498
22,-7825.0,-0.10190760895359902
23,-7815.0,-0.12895386685204824
24,-7805.0,-0.12325792475049743
25,-7795.0,-0.10691090264894666
26,-7785.0,-0.08678564054739588
27,-7775.0,-0.0822472184458451
28,-7765.0,-0.08234132134429431
29,-7755.0,-0.07797908424274352
30,-7745.0,-0.08365595214119274
31,-7735.0,-0.09169371003964195
32,-7725.0,-0.09452294793809118
33,-7715.0,-0.0992746458365404
34,-7705.0,-0.11800866373498961
35,-7695.0,-0.10664979163343881
36,-7685.0,-0.10795384953188802
37,-7675.0,-0.11417306743033724
38,-7665.0,-0.10776253532878646
39,-7655.0,-0.1018123232272357
40,-7645.0,-0.09304059112568491
41,-7635.0,-0.10613612902413412
42,-7625.0,-0.09745072692258333
43,-7615.0,-0.08934365482103256
44,-7605.0,-0.10650416271948177
45,-7595.0,-0.10910536061793098
46,-7585.0,-0.11210390851638019
47,-7575.0,-0.10852890641482942
48,-7565.0,-0.10613413431327862
49,-7555.0,-0.09925543221172785
50,-7545.0,-0.09727666011017705
51,-7535.0,-0.09155867800862628
52,-7525.0,-0.08998820590707549
53,-7515.0,-0.0894074838055247
54,-7505.0,-0.09656480170397391
55,-7495.0,-0.08999742960242314
56,-7485.0,-0.09570229750087236
57,-7475.0,-0.10590077539932156
58,-7465.0,-0.1001495132977708
59,-7455.0,-0.11412110119622
60,-7445.0,-0.11758350909466922
61,-7435.0,-0.11269366699311843
62,-7425.0,-0.11054711489156765
63,-7415.0,-0.10175918279001687
64,-7405.0,-0.09547687068846608
65,-7395.0,-0.09438815858691531
66,-7385.0,-0.08530079148536451
67,-7375.0,-0.07806607438381373
68,-7365.0,-0.07142123228226295
69,-7355.0,-0.07236168018071217
70,-7345.0,-0.04960272307916139
71,-7335.0,-0.0225552539776106
72,-7325.0,-0.03019794787605981
73,-7315.0,-0.028987367774509026
74,-7305.0,-0.04280043567295824
75,-7295.0,-0.05811632757140746
76,-7285.0,-0.05814345546985668
77,-7275.0,-0.049859143368305894
78,-7265.0,-0.04246432126675512
79,-7255.0,-0.04747171916520433
80,-7245.0,-0.025777587063653545
81,-7235.0,-0.024432009962102756
82,-7225.0,-0.013965430860551978
83,-7215.0,-0.013980857759001188
84,-7205.0,-0.013701331657450404
85,-7195.0,-0.008735859555899624
86,-7185.0,-0.012787187454348842
87,-7175.0,-0.022360480352798057
88,-7165.0,-0.02153658825124727
89,-7155.0,-0.020994522149696486
90,-7145.0,-0.018465426048145696
91,-7135.0,-0.022551940946594913
92,-7125.0,0.003869778154955872
93,-7115.0,0.018248776256506657
94,-7105.0,0.02053119035805744
95,-7095.0,0.011209498459608225
96,-7085.0,0.030082922561159006
97,-7075.0,0.03173209466270979
98,-7065.0,0.03279451716426057
99,-7055.0,0.03086237236581136
100,-7045.0,0.03463455296736214
101,-7035.0,0.04266878906891293
102,-7025.0,0.039811742570463715
103,-7015.0,0.039246287972014494
104,-7005.0,0.05075389537356528
105,-6995.0,0.06028076847511606
106,-6985.0,0.033071611976666845
107,-6975.0,0.03821405077821763
108,-6965.0,-0.0017097422202315832
109,-6955.0,-0.009685768118680799
110,-6945.0,-0.002856224017130017
111,-6935.0,-0.014096011915579236
112,-6925.0,0.007973435185971552
113,-6915.0,0.023623434287522335
114,-6905.0,0.03076539478907312
115,-6895.0,0.030560130490623904
116,-6885.0,0.015301890592174686
117,-6875.0,0.01599136469372547
118,-6865.0,0.033451694995276254
119,-6855.0,0.02511211989682704
120,-6845.0,0.013268856998377824
121,-6835.0,0.013133683099928607
122,-6825.0,0.01416406120147939
123,-6815.0,0.009916532303030176
124,-6805.0,-0.004669961595419041
125,-6795.0,-0.0021655324938682566
126,-6785.0,0.0027032466076825287
127,-6775.0,0.0037262317092333075
128,-6765.0,0.0030063568107840943
129,-6755.0,0.0023962759123348776
130,-6745.0,-0.0027325879861143376
131,-6735.0,0.002219388115436448
132,-6725.0,0.010428908216987231
133,-6715.0,0.014556085318538015
134,-6705.0,0.017396484420088797
135,-6695.0,0.012451500521639583
136,-6685.0,0.006182800623190366
137,-6675.0,0.0026429897247411474
138,-6665.0,0.006110971826291934
139,-6655.0,0.012780337927842719
140,-6645.0,0.02740405602939351
141,-6635.0,0.036544924010944294
142,-6625.0,0.03964768183249508
143,-6615.0,0.04518904333404586
144,-6605.0,0.04190623483559665
145,-6595.0,0.04694945853714743
146,-6585.0,0.05588292763869821
147,-6575.0,0.046557121740248994
148,-6565.0,0.04497506684179978
149,-6555.0,0.03977707454335056
150,-6545.0,0.03302725834490135
151,-6535.0,0.03796724494645213
152,-6525.0,0.032307709748002914
153,-6515.0,0.0351964734495537
154,-6505.0,0.03478192365110448
155,-6495.0,0.036733979102655266
156,-6485.0,0.03535609555420605
157,-6475.0,0.03167705435575684
158,-6465.0,0.03496230241730762
159,-6455.0,0.036225118728858405
160,-6445.0,0.031562800460409185
161,-6435.0,0.02317658116195997
162,-6425.0,0.03248103196351076
163,-6415.0,0.04130569586506154
164,-6405.0,0.041472110466612325
165,-6395.0,0.04042164256816311
166,-6385.0,0.045758992669713894
167,-6375.0,0.04531072877126467
168,-6365.0,0.05520152587281546
169,-6355.0,0.07612173397436625
170,-6345.0,0.09384181807591703
171,-6335.0,0.1203564001774678
172,-6325.0,0.1265897762790186
173,-6315.0,0.12133289438056938
174,-6305.0,0.11758993048212016
175,-6295.0,0.10636575258367095
176,-6285.0,0.09758223668522173
177,-6275.0,0.10239724678677252
178,-6265.0,0.1040846188883233
179,-6255.0,0.10119943098987408
180,-6245.0,0.09108713809142487
181,-6235.0,0.08595163519297566
182,-6225.0,0.07533279529452644
183,-6215.0,0.07082071139607722
184,-6205.0,0.060497365497628006
185,-6195.0,0.05295526059917879
186,-6185.0,0.04327296070072957
187,-6175.0,0.048388328802280355
188,-6165.0,0.05170725990383114
189,-6155.0,0.03330905880538192
190,-6145.0,0.028312761106932708
191,-6135.0,0.02795742620848349
192,-6125.0,0.035721100750034276
193,-6115.0,0.03802710991158506
194,-6105.0,0.04317888751313584
195,-6095.0,0.05859040061468662
196,-6085.0,0.06190809471623741
197,-6075.0,0.06004105881778819
198,-6065.0,0.04866563891933898
199,-6055.0,0.04711367602088976
200,-6045.0,0.06153835312244055
201,-6035.0,0.06661231322399133
202,-6025.0,0.057902822325542114
203,-6015.0,0.0592697424270929
204,-6005.0,0.04902100902864368
205,-5995.0,0.043861579630194464
206,-5985.0,0.04660535973174525
207,-5975.0,0.044348223833296035
208,-5965.0,0.05125264593484682
209,-5955.0,0.0418897737363976
210,-5945.0,0.05447778313794839
211,-5935.0,0.06261446323949917
212,-5925.0,0.06577575334104996
213,-5915.0,0.06110486244260074
214,-5905.0,0.05293503354415152
215,-5895.0,0.04803850464570231
216,-5885.0,0.03506417924725309
217,-5875.0,0.03317874394880387
218,-5865.0,0.03125975685035466
219,-5855.0,0.03804201605190544
220,-5845.0,0.03269935985345623
221,-5835.0,0.01787445925500701
222,-5825.0,0.022964296356557792
223,-5815.0,0.024599946958108576
224,-5805.0,0.02072698455965936
225,-5795.0,0.023599347661210145
226,-5785.0,0.03305099456276093
227,-5775.0,0.03689530026431171
228,-5765.0,0.049919810965862496
229,-5755.0,0.05615589306741328
230,-5745.0,0.05437104016896406
231,-5735.0,0.04700003227051485
232,-5725.0,0.041965586372065634
233,-5715.0,0.039105369873616416
234,-5705.0,0.028388810375167203
235,-5695.0,0.038611351276717984
236,-5685.0,0.03896277777826877
237,-5675.0,0.05068005487981955
238,-5665.0,0.04937460798137033
239,-5655.0,0.050663297082921124
240,-5645.0,0.0636056291844719
241,-5635.0,0.0637436432860227
242,-5625.0,0.05967614938757347
243,-5615.0,0.059646336489124256
244,-5605.0,0.04849319059067504
245,-5595.0,0.046728894692225825
246,-5585.0,0.04729737479377661
247,-5575.0,0.05268885189532739
248,-5565.0,0.05063544899687818
249,-5555.0,0.06443011809842897
250,-5545.0,0.07468439019997974
251,-5535.0,0.06104451530153053
252,-5525.0,0.04025260310308131
253,-5515.0,0.018748964504632096
254,-5505.0,0.019620583606182886
255,-5495.0,0.013790921707733671
256,-5485.0,0.011011157809284456
257,-5475.0,0.01347015291083524
258,-5465.0,0.010310541012386022
259,-5455.0,0.009024446113936806
260,-5445.0,-0.004973593784512412
261,-5435.0,-0.006254762682961622
262,-5425.0,0.0019453114185891615
263,-5415.0,0.012333998520139944
264,-5405.0,0.014738244621690728
265,-5395.0,0.01752343872324151
266,-5385.0,0.018480194824792295
267,-5375.0,0.024775067926343076
268,-5365.0,0.024004699027893865
269,-5355.0,0.030719109129444647
270,-5345.0,0.03652392743099543
271,-5335.0,0.03412125359254622
272,-5325.0,0.034512378634097
273,-5315.0,0.03807013253564778
274,-5305.0,0.031408717437198565
275,-5295.0,0.04006204173874935
276,-5285.0,0.05291517184030013
277,-5275.0,0.05107710094185092
278,-5265.0,0.044866994043401706
279,-5255.0,0.023771006144952485
280,-5245.0,-0.002562740753496731
281,-5235.0,0.010152972348054054
282,-5225.0,0.0003887374496048396
283,-5215.0,0.021278100551155622
284,-5205.0,0.029236867852706405
285,-5195.0,0.02324028775425719
286,-5185.0,0.017559117855807972
287,-5175.0,0.0032888989573587567
288,-5165.0,-0.007749314941090456
289,-5155.0,0.011700126160460327
290,-5145.0,0.005963743262011111
291,-5135.0,0.016467090363561893
292,-5125.0,0.0028763124651126765
293,-5115.0,0.01108107156666346
294,-5105.0,0.00016108866821424456
295,-5095.0,0.009474719769765029
296,-5085.0,0.003587888871315812
297,-5075.0,-0.004799916027133401
298,-5065.0,0.006756914074417381
299,-5055.0,0.014854081175968165
300,-5045.0,0.014649631277518949
301,-5035.0,0.013039595379069735
302,-5025.0,0.014042803480620519
303,-5015.0,0.0076583215821713
304,-5005.0,0.008639471683722085
305,-4995.0,-0.011069227214727133
306,-4985.0,-0.018733920113176344
307,-4975.0,-0.030670670011625566
308,-4965.0,-0.03405314191007478
309,-4955.0,-0.03030453580852399
310,-4945.0,-0.022421353706973207
311,-4935.0,-0.015842777605422423
312,-4925.0,-0.006549642503871633
313,-4915.0,0.0013924985976791482
314,-4905.0,0.003437693699229933
315,-4895.0,-0.0031737981992192854
316,-4885.0,0.0014069639023314984
317,-4875.0,-0.011648744996117719
318,-4865.0,-0.015897573894566933
319,-4855.0,-0.011532319793016145
320,-4845.0,0.0019971293085346356
321,-4835.0,-0.011316563589914577
322,-4825.0,-0.0021758384883637932
323,-4815.0,0.012650225613186988
324,-4805.0,0.017663577714737772
325,-4795.0,0.020329406816288555
326,-4785.0,0.013252152917839339
327,-4775.0,0.013824292019390123
328,-4765.0,0.02446494442094091
329,-4755.0,0.023330672222491692
330,-4745.0,0.025893106324042476
331,-4735.0,0.02976036762559326
332,-4725.0,0.030463253727144042
333,-4715.0,0.036132189928694824
334,-4705.0,0.04482183573024561
335,-4695.0,0.03493318783179639
336,-4685.0,0.04001674693334718
337,-4675.0,0.030628695234897963
338,-4665.0,0.022879485136448746
339,-4655.0,0.03741910693799953
340,-4645.0,0.044554054339550314
341,-4635.0,0.0505104234411011
342,-4625.0,0.04636062754265188
343,-4615.0,0.06576500064420267
344,-4605.0,0.07078974974575344
345,-4595.0,0.07282045384730423
346,-4585.0,0.06690741894885502
347,-4575.0,0.055750649050405804
348,-4565.0,0.04625489915195659
349,-4555.0,0.042662921253507374
350,-4545.0,0.052644350355058156
351,-4535.0,0.06451080245660894
352,-4525.0,0.06787533855815972
353,-4515.0,0.05996462965971051
354,-4505.0,0.04801436876126129
355,-4495.0,0.05017144086281207
356,-4485.0,0.035819136964362855
357,-4475.0,0.030048030165913644
358,-4465.0,0.016679304167464427
359,-4455.0,0.00495223226901521
360,-4445.0,0.011407381370565996
361,-4435.0,0.038235168472116776
362,-4425.0,0.03385534657366756
363,-4415.0,0.027753288875218347
364,-4405.0,0.04060143977676913
365,-4395.0,0.04533113587831991
366,-4385.0,0.0324562043798707
367,-4375.0,0.02843746228142148
368,-4365.0,0.03358949418297227
369,-4355.0,0.02776869248452305
370,-4345.0,0.024860410386073832
371,-4335.0,0.02766666428762462
372,-4325.0,0.043007581589175406
373,-4315.0,0.051473392690726184
374,-4305.0,0.05390611679227697
375,-4295.0,0.06122888689382776
376,-4285.0,0.06593645799537853
377,-4275.0,0.07096894709692933
378,-4265.0,0.0691430151984801
379,-4255.0,0.06792029130003088
380,-4245.0,0.06375248340158168
381,-4235.0,0.04576881150313246
382,-4225.0,0.048296753604683246
383,-4215.0,0.043607812706234025
384,-4205.0,0.036972154507784814
385,-4195.0,0.030517018309335595
386,-4185.0,0.03331869251088638
387,-4175.0,0.03581379311243717
388,-4165.0,0.039635444213987944
389,-4155.0,0.025894369315538734
390,-4145.0,0.025371511717089516
391,-4135.0,0.0266458565186403
392,-4125.0,0.018798611620191086
393,-4115.0,0.015231035721741868
394,-4105.0,0.01705222282329265
395,-4095.0,0.020504108924843438
396,-4085.0,0.02728802942639422
397,-4075.0,0.028146872527945004
398,-4065.0,0.019538518229495788
399,-4055.0,0.02297152533104657
400,-4045.0,0.03418024243259735
401,-4035.0,0.047436999534148136
402,-4025.0,0.046934004635698925
403,-4015.0,0.039347471737249715
404,-4005.0,0.027639027438800496
405,-3995.0,0.02308424654035128
406,-3985.0,0.027442609641902063
407,-3975.0,0.021831210143452847
408,-3965.0,0.01709123724500363
409,-3955.0,0.017552065346554416
410,-3945.0,0.016187911448105198
411,-3935.0,0.016940320549655982
412,-3925.0,0.013622170651206768
413,-3915.0,0.00570674575275755
414,-3905.0,0.0021321368543083356
415,-3895.0,0.014276252955859117
416,-3885.0,0.017077836057409902
417,-3875.0,0.015632774158960687
418,-3865.0,0.013831194260511472
419,-3855.0,0.010899997362062253
420,-3845.0,0.013229812463613037
421,-3835.0,0.015472791565163823
422,-3825.0,0.009708951666714608
423,-3815.0,-0.00938679023173461
424,-3805.0,-0.007955289130183826
425,-3795.0,-0.009838006028633044
426,-3785.0,-0.006815116927082254
427,-3775.0,0.0026747121744685257
428,-3765.0,0.005593454276019309
429,-3755.0,-0.006790647622429903
430,-3745.0,-0.0020126575208791186
431,-3735.0,-0.012715625419328337
432,-3725.0,-0.0067480093177775535
433,-3715.0,-0.0002445622162267694
434,-3705.0,-0.004390420114675983
435,-3695.0,-0.023460949013125204
436,-3685.0,-0.02452095091157442
437,-3675.0,-0.020786426810023635
438,-3665.0,-0.016436878708472852
439,-3655.0,-0.011360757606922067
440,-3645.0,-0.002753350505371281
441,-3635.0,0.0033096345961795004
442,-3625.0,0.007717974697730286
443,-3615.0,0.00842682079928107
444,-3605.0,0.006667599900831853
445,-3595.0,0.0005578680023826388
446,-3585.0,0.009382730103933423
447,-3575.0,0.017563134205484207
448,-3565.0,0.02969968014703499
449,-3555.0,0.027778812608585772
450,-3545.0,0.025285053010136557
451,-3535.0,0.01776418661168734
452,-3525.0,0.004390227713238125
453,-3515.0,-0.000911294185211086
454,-3505.0,0.0023187009163396985
455,-3495.0,0.001082155017890482
456,-3485.0,-0.004182540880558732
457,-3475.0,-0.006911894779007954
458,-3465.0,-0.0012548016774571666
459,-3455.0,-0.00656619257590638
460,-3445.0,-0.014468506474355599
461,-3435.0,-0.017715026372804813
462,-3425.0,-0.01841357427125403
463,-3415.0,-0.03673020616970324
464,-3405.0,-0.040794286068152455
465,-3395.0,-0.03723694396660168
466,-3385.0,-0.020038715865050894
467,-3375.0,-0.01099906576350011
468,-3365.0,-0.0026723816619493267
469,-3355.0,-0.005621489560398544
470,-3345.0,-0.007926737458847758
471,-3335.0,-0.005237945357296974
472,-3325.0,-0.007700381255746191
473,-3315.0,-0.010288717154195406
474,-3305.0,-0.008649553052644626
475,-3295.0,-0.012661943951093841
476,-3285.0,-0.004654928849543053
477,-3275.0,-0.0003584647479922716
478,-3265.0,0.0048292043535585125
479,-3255.0,0.012977043455109295
480,-3245.0,0.0007422895566600793
481,-3235.0,0.006731657658210866
482,-3225.0,0.021172392559761652
483,-3215.0,0.025373871561312433
484,-3205.0,0.03002151346286322
485,-3195.0,0.031067878164414003
486,-3185.0,0.023144627165964788
487,-3175.0,0.01168819126751557
488,-3165.0,0.011533390369066355
489,-3155.0,0.0045072774706171395
490,-3145.0,0.006641739572167921
491,-3135.0,0.026470072473718704
492,-3125.0,0.031114310375269492
493,-3115.0,0.029192519676820274
494,-3105.0,0.02686296827837106
495,-3095.0,0.022312531079921843
496,-3085.0,0.021030689781472628
497,-3075.0,0.02007678528302341
498,-3065.0,0.028085294084574195
499,-3055.0,0.03302905108612498
500,-3045.0,0.03154175088767576
501,-3035.0,0.03441296668922655
502,-3025.0,0.026847499190777332
503,-3015.0,0.022867530292328114
504,-3005.0,0.006910910993878899
505,-2995.0,0.015636737095429683
506,-2985.0,0.023501266196980466
507,-2975.0,0.02673161209853125
508,-2965.0,0.030235518400082033
509,-2955.0,0.03197559850163282
510,-2945.0,0.020446940003183603
511,-2935.0,0.01712555770473439
512,-2925.0,0.007122585806285171
513,-2915.0,0.005518102907835953
514,-2905.0,0.006462374009386738
515,-2895.0,0.005887837110937523
516,-2885.0,0.0025843292124883045
517,-2875.0,8.719131403909022e-05
518,-2865.0,-0.0009641145844101265
519,-2855.0,-0.0003093144828593408
520,-2845.0,0.002274234618691442
521,-2835.0,0.017080658720242226
522,-2825.0,0.03100732642179301
523,-2815.0,0.03632047992334379
524,-2805.0,0.041718319524894576
525,-2795.0,0.02993270242644536
526,-2785.0,0.023114569527996145
527,-2775.0,0.011928541329546929
528,-2765.0,-0.003481704568902285
529,-2755.0,-0.011009973467351504
530,-2745.0,-0.007271903365800719
531,-2735.0,0.0010333417357500652
532,-2725.0,0.01085191583730085
533,-2715.0,0.03180766943885163
534,-2705.0,0.04781258704040242
535,-2695.0,0.0503403631419532
536,-2685.0,0.046051644243503984
537,-2675.0,0.04593029334505477
538,-2665.0,0.04190772144660555
539,-2655.0,0.03430785654815634
540,-2645.0,0.028630412549707124
541,-2635.0,0.026944558801257908
542,-2625.0,0.032079185852808695
543,-2615.0,0.03150844395435948
544,-2605.0,0.04488267305591026
545,-2595.0,0.03989013715746104
546,-2585.0,0.03671935225901183
547,-2575.0,0.03159855396056261
548,-2565.0,0.041192253462113394
549,-2555.0,0.04122928056366418
550,-2545.0,0.03969270616521496
551,-2535.0,0.04852815276676575
552,-2525.0,0.04329118486831653
553,-2515.0,0.03579984296986732
554,-2505.0,0.044217044071418105
555,-2495.0,0.04443697117296888
556,-2485.0,0.03152005227451967
557,-2475.0,0.03812977137607045
558,-2465.0,0.03724018147762123
559,-2455.0,0.03334225357917202
560,-2445.0,0.038033612680722806
561,-2435.0,0.039893683782273585
562,-2425.0,0.03569027488382437
563,-2415.0,0.03506138198537516
564,-2405.0,0.02817883228692594
565,-2395.0,0.015217132188476723
566,-2385.0,0.01558858029002751
567,-2375.0,0.010901533391578296
568,-2365.0,-0.004548849506870921
569,-2355.0,-0.0032423404053201384
570,-2345.0,-0.001530807303769352
571,-2335.0,0.02189172809778143
572,-2325.0,0.030205885899332215
573,-2315.0,0.036912169000883
574,-2305.0,0.04463899810243378
575,-2295.0,0.04591680320398457
576,-2285.0,0.04215853630553535
577,-2275.0,0.030483772707086135
578,-2265.0,0.035684478508636916
579,-2255.0,0.0405591906101877
580,-2245.0,0.030844273111738485
581,-2235.0,0.045750532813289266
582,-2225.0,0.03242276591484006
583,-2215.0,0.03813949701639084
584,-2205.0,0.04577202711794162
585,-2195.0,0.0373789552194924
586,-2185.0,0.03559986382104319
587,-2175.0,0.03307449142259397
588,-2165.0,0.03091919452414476
589,-2155.0,0.02299797802569554
590,-2145.0,0.028215647527246326
591,-2135.0,0.01575207382879711
592,-2125.0,0.014271496930347894
593,-2115.0,0.006396087031898676
594,-2105.0,-0.0006533968665505367
595,-2095.0,-0.011751977764999755
596,-2085.0,-0.015403912663448968
597,-2075.0,-0.007418017561898187
598,-2065.0,-0.012228243460347406
599,-2055.0,0.00023142764120338138
600,-2045.0,0.0006363337427541665
601,-2035.0,0.010726503844304949
602,-2025.0,0.013532356945855733
603,-2015.0,0.019264795047406517
604,-2005.0,0.0080664241489573
605,-1995.0,0.009781206250508084
606,-1985.0,0.005137974352058868
607,-1975.0,0.003518074453609653
608,-1965.0,-0.002995592444839563
609,-1955.0,-0.0011666283432887788
610,-1945.0,-0.007331718241737992
611,-1935.0,-0.011905664140187212
612,-1925.0,-0.007897021038636421
613,-1915.0,-0.01545571093708564
614,-1905.0,0.0004373251644651452
615,-1895.0,0.008024297266015928
616,-1885.0,0.006189684367566714
617,-1875.0,0.005457379469117497
618,-1865.0,0.0070204995706682795
619,-1855.0,-0.0028083703277809353
620,-1845.0,-0.0064441302262301485
621,-1835.0,-0.008905735124679365
622,-1825.0,-0.012550758023128581
623,-1815.0,-0.0160537529215778
624,-1805.0,-0.021349130820027016
625,-1795.0,-0.02134547171847623
626,-1785.0,-0.011360379616925449
627,-1775.0,0.005646404484625337
628,-1765.0,0.01238030858617612
629,-1755.0,0.010060256687726903
630,-1745.0,0.010579824789277688
631,-1735.0,0.019355458890828472
632,-1725.0,0.014728106992379256
633,-1715.0,-0.004838322906069961
634,-1705.0,-0.0024482268045191748
635,-1695.0,-0.008556800702968392
636,-1685.0,-0.0005453536014176086
637,-1675.0,-0.004748240499866826
638,-1665.0,-0.006244964398316042
639,-1655.0,-0.016248894296765255
640,-1645.0,-0.01641081019521447
641,-1635.0,-0.023334286093663687
642,-1625.0,-0.03507939299211291
643,-1615.0,-0.04722897389056212
644,-1605.0,-0.04206982778901133
645,-1595.0,-0.03151370368746055
646,-1585.0,-0.028147887585909772
647,-1575.0,-0.027561831484358982
648,-1565.0,-0.018197643382808194
649,-1555.0,-0.014335778281257414
650,-1545.0,-0.009349027179706627
651,-1535.0,-0.012489120078155842
652,-1525.0,-0.012819806976605064
653,-1515.0,0.007378334124945721
654,-1505.0,0.016588897226496507
655,-1495.0,0.01669899182804729
656,-1485.0,0.006835131429598074
657,-1475.0,0.01708793493114886
658,-1465.0,-0.0006675043673003596
659,-1455.0,-0.015689730265749574
660,-1445.0,-0.022168948164198787
661,-1435.0,-0.026899842062648005
662,-1425.0,-0.04045058396109723
663,-1415.0,-0.04074819185954644
664,-1405.0,-0.032103299757995654
665,-1395.0,-0.013813283656444873
666,-1385.0,-0.007680562554894084
667,-1375.0,-0.007787270453343299
668,-1365.0,-0.024953711351792515
669,-1355.0,-0.025641772250241737
670,-1345.0,-0.03920157214869095
671,-1335.0,-0.059451800047140166
672,-1325.0,-0.06937477294558939
673,-1315.0,-0.0678997468440386
674,-1305.0,-0.06258773274248781
675,-1295.0,-0.06125429264093703
676,-1285.0,-0.05431356453938625
677,-1275.0,-0.05937474243783546
678,-1265.0,-0.06066231033628468
679,-1255.0,-0.05720892823473389
680,-1245.0,-0.05226438613318311
681,-1235.0,-0.042389094031632324
682,-1225.0,-0.03099143193008154
683,-1215.0,-0.02731626182853076
684,-1205.0,-0.015996787726979975
685,-1195.0,-0.021183567625429188
686,-1185.0,-0.011063003523878408
687,-1175.0,-0.014671111422327625
688,-1165.0,-0.02355437432077684
689,-1155.0,-0.01791813021922606
690,-1145.0,-0.00821374511767527
691,-1135.0,-0.018789667016124483
692,-1125.0,-0.0025015229145737006
693,-1115.0,0.0037470291869770855
694,-1105.0,-0.0007816097114721303
695,-1095.0,-0.012231604609921346
696,-1085.0,-0.027567679508370562
697,-1075.0,-0.028585840406819777
698,-1065.0,-0.026676438305268998
699,-1055.0,-0.016020060203718215
700,-1045.0,-0.02432335410216743
701,-1035.0,-0.03235388800061664
702,-1025.0,-0.041378839899065864
703,-1015.0,-0.04022989779751508
704,-1005.0,-0.032603658695964294
705,-995.0,-0.02517797159441351
706,-985.0,-0.020878078492862728
707,-975.0,-0.011711741391311942
708,-965.0,-0.004770990289761155
709,-955.0,-0.005336650188210373
710,-945.0,-0.01154670608665959
711,-935.0,-0.030535546985108807
712,-925.0,-0.03714643888355802
713,-915.0,-0.017530686782007237
714,-905.0,-0.01886394968045645
715,-895.0,-0.025670506578905666
716,-885.0,-0.025233870477354887
717,-875.0,-0.023316064375804104
718,-865.0,-0.038492078274253314
719,-855.0,-0.03649334917270253
720,-845.0,-0.03019521807115175
721,-835.0,-0.025097419969600968
722,-825.0,-0.02504621586805018
723,-815.0,-0.023914953766499398
724,-805.0,-0.029957155664948613
725,-795.0,-0.03460812556339783
726,-785.0,-0.038353279461847044
727,-775.0,-0.046834217360296256
728,-765.0,-0.04902744525874548
729,-755.0,-0.057772713157194684
730,-745.0,-0.0631306710556439
731,-735.0,-0.055924558954093116
732,-725.0,-0.04784109185254234
733,-715.0,-0.05428508475099155
734,-705.0,-0.05678198264944077
735,-695.0,-0.05315954054788998
736,-685.0,-0.0566785334463392
737,-675.0,-0.054017576344788425
738,-665.0,-0.055291744243237635
739,-655.0,-0.05391817214168685
740,-645.0,-0.04607817004013607
741,-635.0,-0.032319492938585284
742,-625.0,-0.06353652083703451
743,-615.0,-0.057474563735483715
744,-605.0,-0.059015351633932935
745,-595.0,-0.04382027953238215
746,-585.0,-0.041665907430831366
747,-575.0,-0.04389862532928058
748,-565.0,-0.045447093227729794
749,-555.0,-0.056934341126179004
750,-545.0,-0.06844118902462823
751,-535.0,-0.04415283692307744
752,-525.0,-0.05306223482152666
753,-515.0,-0.03586448671997587
754,-505.0,-0.04086496061842509
755,-495.0,-0.024881796516874305
756,-485.0,-0.01690683641532352
757,-475.0,-0.02534529431377274
758,-465.0,-0.03952326221222195
759,-455.0,-0.055742420110671174
760,-445.0,-0.0628598940091204
761,-435.0,-0.0403849959075696
762,-425.0,-0.041782708806018816
763,-415.0,-0.027529231704468034
764,-405.0,-0.04329209960291725
765,-395.0,-0.042393097501366474
766,-385.0,-0.05818554539981567
767,-375.0,-0.06479742329826489
768,-365.0,-0.06372534119671411
769,-355.0,-0.05433702909516333
770,-345.0,-0.043585376993612535
771,-335.0,-0.042508724892061756
772,-325.0,-0.048768092790510975
773,-315.0,-0.03849759068896019
774,-305.0,-0.0426760385874094
775,-295.0,-0.06530283648585862
776,-285.0,-0.06884757838430784
777,-275.0,-0.06790070228275705
778,-265.0,-0.07446934018120627
779,-255.0,-0.08344830807965549
780,-245.0,-0.07714390597810471
781,-235.0,-0.07728922387655392
782,-225.0,-0.05360091577500313
783,-215.0,-0.05337324467345235
784,-205.0,-0.05477024757190156
