,time,NGRIPmartin24Tanom_decavg_temp__detrendedlinear
0,-8045,-0.48743698555728976
1,-8035,-0.2925617029179548
2,-8025,-0.10733642027862
3,-8015,0.05253886236071503
4,-8005,0.18226414500004973
5,-7995,0.279339427639385
6,-7985,0.3499147102787199
7,-7975,0.40263999291805463
8,-7965,0.4413652755573896
9,-7955,0.4647405581967248
10,-7945,0.46976584083605966
11,-7935,0.4502911234753948
12,-7925,0.3994664061147297
13,-7915,0.31744168875406453
14,-7905,0.21181697139339928
15,-7895,0.09549225403273454
16,-7885,-0.01663246332793067
17,-7875,-0.10720718068859592
18,-7865,-0.15543189804926083
19,-7855,-0.14370661540992602
20,-7845,-0.06868133277059085
21,-7835,0.055093949868744385
22,-7825,0.2008192325080791
23,-7815,0.34444451514741425
24,-7805,0.47156979778674923
25,-7795,0.5744450804260834
26,-7785,0.6516703630654193
27,-7775,0.7071456457047542
28,-7765,0.7445209283440888
29,-7755,0.7635462109834239
30,-7745,0.7616714936227589
31,-7735,0.7373467762620933
32,-7725,0.693622058901429
33,-7715,0.641647341540764
34,-7705,0.5982226241800985
35,-7695,0.5769479068194339
36,-7685,0.5789731894587691
37,-7675,0.5964984720981032
38,-7665,0.6213237547374382
39,-7655,0.6505990373767734
40,-7645,0.683524320016109
41,-7635,0.7170996026554435
42,-7625,0.7465248852947783
43,-7615,0.7670501679341131
44,-7605,0.7771254505734486
45,-7595,0.7730507332127834
46,-7585,0.7446760158521184
47,-7575,0.6816012984914535
48,-7565,0.5859265811307881
49,-7555,0.47145186377012305
50,-7545,0.353727146409458
51,-7535,0.2459524290487929
52,-7525,0.1564277116881283
53,-7515,0.08790299432746318
54,-7505,0.03947827696679784
55,-7495,0.0109535596061332
56,-7485,0.003428842245467578
57,-7475,0.015554124884802789
58,-7465,0.04207940752413819
59,-7455,0.07680469016347269
60,-7445,0.1179799728028077
61,-7435,0.16795525544214263
62,-7425,0.22713053808147743
63,-7415,0.28745582072081266
64,-7405,0.3336811033601479
65,-7395,0.3518563859994823
66,-7385,0.3370316686388173
67,-7375,0.2914569512781524
68,-7365,0.2237322339174872
69,-7355,0.14730751655682228
70,-7345,0.0743827991961572
71,-7335,0.008658081835491771
72,-7325,-0.055216635525173086
73,-7315,-0.12064135288583788
74,-7305,-0.18391607024650303
75,-7295,-0.23579078760716787
76,-7285,-0.26921550496783264
77,-7275,-0.28769022232849806
78,-7265,-0.29886493968916317
79,-7255,-0.30828965704982836
80,-7245,-0.31961437441049334
81,-7235,-0.3325890917711585
82,-7225,-0.3433138091318235
83,-7215,-0.3467885264924888
84,-7205,-0.3434132438531534
85,-7195,-0.34198796121381836
86,-7185,-0.35216267857448336
87,-7175,-0.37653739593514857
88,-7165,-0.4115621132958136
89,-7155,-0.4542368306564786
90,-7145,-0.5006615480171437
91,-7135,-0.5426862653778086
92,-7125,-0.5692109827384737
93,-7115,-0.5742857000991388
94,-7105,-0.5600604174598041
95,-7095,-0.5334351348204689
96,-7085,-0.501059852181134
97,-7075,-0.46748456954179884
98,-7065,-0.4358092869024641
99,-7055,-0.4080340042631292
100,-7045,-0.3848087216237941
101,-7035,-0.36423343898445903
102,-7025,-0.3433081563451241
103,-7015,-0.3203828737057892
104,-7005,-0.2954575910664541
105,-6995,-0.2734823084271194
106,-6985,-0.2636570257877844
107,-6975,-0.26623174314844933
108,-6965,-0.2687064605091143
109,-6955,-0.25623117786977967
110,-6945,-0.2227558952304447
111,-6935,-0.1736806125911099
112,-6925,-0.12325532995177424
113,-6915,-0.08443004731243975
114,-6905,-0.06115476467310477
115,-6895,-0.051529482033769725
116,-6885,-0.04715419939443488
117,-6875,-0.034828916755099915
118,-6865,-0.005353634115764727
119,-6855,0.04197164852356994
120,-6845,0.09699693116290509
121,-6835,0.14392221380224024
122,-6825,0.16834749644157498
123,-6815,0.16432277908090942
124,-6805,0.13939806172024483
125,-6795,0.1102233443595797
126,-6785,0.08909862699891491
127,-6775,0.07962390963824983
128,-6765,0.07789919227758446
129,-6755,0.0793744749169194
130,-6745,0.08184975755625468
131,-6735,0.08487504019558956
132,-6725,0.08655032283492448
133,-6715,0.08657560547425946
134,-6705,0.08885088811359432
135,-6695,0.1001761707529294
136,-6685,0.12595145339226432
137,-6675,0.1644767360315993
138,-6665,0.20895201867093416
139,-6655,0.25127730131026915
140,-6645,0.2849025839496042
141,-6635,0.30742786658893895
142,-6625,0.3204031492282744
143,-6615,0.3230284318676089
144,-6605,0.31095371450694387
145,-6595,0.280428997146279
146,-6585,0.2309042797856138
147,-6575,0.16642956242494877
148,-6565,0.09510484506428374
149,-6555,0.02438012770361886
150,-6545,-0.03954458965704655
151,-6535,-0.09311930701771143
152,-6525,-0.13424402437837624
153,-6515,-0.16101874173904163
154,-6505,-0.1722434590997064
155,-6495,-0.1702681764603715
156,-6485,-0.15684289382103644
157,-6475,-0.12781761118170176
158,-6465,-0.07429232854236667
159,-6455,0.007882954096968264
160,-6445,0.11120823673630342
161,-6435,0.22268351937563802
162,-6425,0.3297588020149731
163,-6415,0.42088408465430804
164,-6405,0.4823593672936435
165,-6395,0.5034846499329779
166,-6385,0.48620993257231326
167,-6375,0.4421352152116478
168,-6365,0.38681049785098276
169,-6355,0.332985780490318
170,-6345,0.2870610631296535
171,-6335,0.24653634576898775
172,-6325,0.20026162840832273
173,-6315,0.13638691104765788
174,-6305,0.05771219368699243
175,-6295,-0.01886252367367236
176,-6285,-0.08253724103433768
177,-6275,-0.1326619583950026
178,-6265,-0.16888667575566751
179,-6255,-0.1869613931163323
180,-6245,-0.1861861104769975
181,-6235,-0.17626082783766273
182,-6225,-0.1683855451983276
183,-6215,-0.16841026255899272
184,-6205,-0.17518497991965765
185,-6195,-0.18325969728032265
186,-6185,-0.18393441464098803
187,-6175,-0.1670091320016529
188,-6165,-0.12943384936231794
189,-6155,-0.07645856672298335
190,-6145,-0.01743328408364797
191,-6135,0.03754199855568685
192,-6125,0.07856728119502199
193,-6115,0.0973425638343568
194,-6105,0.09561784647369187
195,-6095,0.08294312911302693
196,-6085,0.06336841175236185
197,-6075,0.03444369439169659
198,-6065,-0.0059310229689684135
199,-6055,-0.058305740329633426
200,-6045,-0.12268045769029823
201,-6035,-0.19815517505096358
202,-6025,-0.2795798924116286
203,-6015,-0.35660460977229347
204,-6005,-0.4190293271329586
205,-5995,-0.4615540444936239
206,-5985,-0.4835287618542887
207,-5975,-0.487303479214954
208,-5965,-0.47867819657561883
209,-5955,-0.46160291393628383
210,-5945,-0.4314776312969488
211,-5935,-0.3788523486576141
212,-5925,-0.29822706601827886
213,-5915,-0.19275178337894405
214,-5905,-0.06897650073960926
215,-5895,0.06799878189972608
216,-5885,0.208774064539061
217,-5875,0.3364493471783956
218,-5865,0.435274629817731
219,-5855,0.4976499124570657
220,-5845,0.5275251950964011
221,-5835,0.536700477735736
222,-5825,0.5373757603750706
223,-5815,0.5341510430144054
224,-5805,0.5227763256537408
225,-5795,0.4949016082930753
226,-5785,0.4445768909324104
227,-5775,0.3757521735717455
228,-5765,0.29932745621108037
229,-5755,0.22685273885041513
230,-5745,0.16617802148975014
231,-5735,0.12085330412908513
232,-5725,0.09117858676842028
233,-5715,0.07010386940775515
234,-5705,0.04247915204708996
235,-5695,-0.005295565313575112
236,-5685,-0.07482028267424012
237,-5675,-0.15254500003490512
238,-5665,-0.40256971739557
239,-5655,-0.6662944347562352
240,-5645,-0.6753691521169003
241,-5635,-0.6673938694775654
242,-5625,-0.6520185868382303
243,-5615,-0.6354433041988954
244,-5605,-0.6203180215595605
245,-5595,-0.6022427389202253
246,-5585,-0.5706674562808903
247,-5575,-0.5169421736415557
248,-5565,-0.43991689100222064
249,-5555,-0.3473916083628854
250,-5545,-0.2529663257235508
251,-5535,-0.17374104308421567
252,-5525,-0.11851576044488055
253,-5515,-0.08054047780554585
254,-5505,-0.04121519516621075
255,-5495,0.01436008747312445
256,-5485,0.08173537011245902
257,-5475,0.1404106527517941
258,-5465,0.1711359353911288
259,-5455,0.16966121803046375
260,-5445,0.14358650066979894
261,-5435,0.10221178330913383
262,-5425,0.05063706594846873
263,-5415,-0.0053376514121963314
264,-5405,-0.06086236877286133
265,-5395,-0.11628708613352634
266,-5385,-0.17496180349419133
267,-5375,-0.24188652085485618
268,-5365,-0.32026123821552166
269,-5355,-0.4065859555761864
270,-5345,-0.4914106729368515
271,-5335,-0.5674353902975168
272,-5325,-0.6347101076581816
273,-5315,-0.6995848250188466
274,-5305,-0.7673595423795119
275,-5295,-0.8346342597401768
276,-5285,-0.8882589771008417
277,-5275,-0.9148336944615068
278,-5265,-0.9094084118221719
279,-5255,-0.8782831291828368
280,-5245,-0.8318578465435019
281,-5235,-0.772982563904167
282,-5225,-0.6993072812648319
283,-5215,-0.6059319986254971
284,-5205,-0.49045671598616214
285,-5195,-0.35938143334682704
286,-5185,-0.22740615070749226
287,-5175,-0.10848086806815749
288,-5165,-0.011605585428822174
289,-5155,0.054669697210512735
290,-5145,0.0841449798498477
291,-5135,0.08047026248918265
292,-5125,0.05889554512851736
293,-5115,0.034270827767852285
294,-5105,0.010396110407187686
295,-5095,-0.018178606953477727
296,-5085,-0.05745332431414263
297,-5075,-0.10892804167480752
298,-5065,-0.1659027590354729
299,-5055,-0.21522747639613793
300,-5045,-0.24080219375680256
301,-5035,-0.23302691111746787
302,-5025,-0.19790162847813297
303,-5015,-0.1533263458387979
304,-5005,-0.11155106319946295
305,-4995,-0.07162578056012814
306,-4985,-0.026550497920793115
307,-4975,0.027524784718542028
308,-4965,0.08835006735787676
309,-4955,0.15272534999721188
310,-4945,0.2169506326365469
311,-4935,0.2731259152758816
312,-4925,0.3154011979152167
313,-4915,0.3426764805545519
314,-4905,0.3563017631938863
315,-4895,0.3583770458332216
316,-4885,0.35305232847255663
317,-4875,0.34562761111189144
318,-4865,0.3349528937512265
319,-4855,0.3137781763905614
320,-4845,0.2757034590298961
321,-4835,0.22322874166923135
322,-4825,0.16615402430856618
323,-4815,0.11557930694790097
324,-4805,0.07925458958723608
325,-4795,0.05902987222657097
326,-4785,0.05110515486590628
327,-4775,0.04768043750524109
328,-4765,0.04100572014457593
329,-4755,0.02743100278391064
330,-4745,0.007206285423245973
331,-4735,-0.017568431937419193
332,-4725,-0.04454314929808412
333,-4715,-0.07286786665874923
334,-4705,-0.10464258401941451
335,-4695,-0.14266730138007966
336,-4685,-0.18879201874074436
337,-4675,-0.23876673610140964
338,-4665,-0.2851414534620744
339,-4655,-0.32216617082273946
340,-4645,-0.34459088818340466
341,-4635,-0.3462156055440695
342,-4625,-0.3243903229047346
343,-4615,-0.2808150402653995
344,-4605,-0.21823975762606462
345,-4595,-0.1380144749867298
346,-4585,-0.04403919234739484
347,-4575,0.05373609029194015
348,-4565,0.14021137293127506
349,-4555,0.2031866555706101
350,-4545,0.23581193820994506
351,-4535,0.23823722084928
352,-4525,0.2149125034886148
353,-4515,0.17353778612794968
354,-4505,0.12511306876728479
355,-4495,0.07973835140661967
356,-4485,0.045063634045954704
357,-4475,0.022588916685289506
358,-4465,0.007864199324624677
359,-4455,-0.005910518036040369
360,-4445,-0.02548523539670544
361,-4435,-0.05350995275737036
362,-4425,-0.08873467011803537
363,-4415,-0.12715938747870048
364,-4405,-0.1643341048393656
365,-4395,-0.19750882220003074
366,-4385,-0.2271335395606957
367,-4375,-0.25510825692136074
368,-4365,-0.28443297428202574
369,-4355,-0.3172076916426909
370,-4345,-0.3512824090033557
371,-4335,-0.3761571263640209
372,-4325,-0.37988184372468603
373,-4315,-0.35860656108535105
374,-4305,-0.3186312784460159
375,-4295,-0.2726059958066812
376,-4285,-0.2306307131673463
377,-4275,-0.19855543052801106
378,-4265,-0.17658014788867626
379,-4255,-0.1613548652493414
380,-4245,-0.14697958261000632
381,-4235,-0.1291542999706714
382,-4225,-0.10822901733133627
383,-4215,-0.08485373469200141
384,-4205,-0.0598284520526664
385,-4195,-0.035253169413331564
386,-4185,-0.011227886773996554
387,-4175,0.01369739586533858
388,-4165,0.037022678504673445
389,-4155,0.04759796114400827
390,-4145,0.03177324378334312
391,-4135,-0.019751473577321654
392,-4125,-0.1053261909379869
393,-4115,-0.21080090829865195
394,-4105,-0.31862562565931707
395,-4095,-0.4154003430199822
396,-4085,-0.49122506038064684
397,-4075,-0.5359997777413119
398,-4065,-0.5456744951019772
399,-4055,-0.5240492124626421
400,-4045,-0.4811739298233071
401,-4035,-0.42934864718397225
402,-4025,-0.37622336454463734
403,-4015,-0.32554808190530227
404,-4005,-0.27742279926596736
405,-3995,-0.23174751662663218
406,-3985,-0.18997223398729735
407,-3975,-0.15769695134796247
408,-3965,-0.1435716687086277
409,-3955,-0.15279638606929247
410,-3945,-0.18522110342995735
411,-3935,-0.23684582079062255
412,-3925,-0.30142053815128766
413,-3915,-0.3690452555119528
414,-3905,-0.43006997287261783
415,-3895,-0.478294690233283
416,-3885,-0.5151194075939477
417,-3875,-0.5471941249546127
418,-3865,-0.5777188423152779
419,-3855,-0.6036435596759431
420,-3845,-0.6174182770366081
421,-3835,-0.6147429943972731
422,-3825,-0.5977677117579382
423,-3815,-0.5733924291186031
424,-3805,-0.5496171464792682
425,-3795,-0.5321918638399333
426,-3785,-0.5182665812005982
427,-3775,-0.49604129856126333
428,-3765,-0.4510660159219284
429,-3755,-0.37419073328259356
430,-3745,-0.2688154506432585
431,-3735,-0.14944016800392335
432,-3725,-0.03381488536458843
433,-3715,0.07071039727474626
434,-3705,0.17063567991408135
435,-3695,0.2757109625534162
436,-3685,0.390236245192751
437,-3675,0.5084615278320865
438,-3665,0.6141368104714213
439,-3655,0.6869120931107562
440,-3645,0.710637375750091
441,-3635,0.6821626583894258
442,-3625,0.6126879410287609
443,-3615,0.5262632236680962
444,-3605,0.446038506307431
445,-3595,0.3803637889467659
446,-3585,0.32328907158610076
447,-3575,0.2605643542254359
448,-3565,0.1814896368647707
449,-3555,0.08846491950410551
450,-3545,-0.003209797856559282
451,-3535,-0.0727845152172244
452,-3525,-0.10855923257788924
453,-3515,-0.11643394993855438
454,-3505,-0.11575866729921958
455,-3495,-0.12528338465988464
456,-3485,-0.15290810202054972
457,-3475,-0.19258281938121447
458,-3465,-0.22835753674187953
459,-3455,-0.24183225410254472
460,-3445,-0.22170697146320983
461,-3435,-0.1667316888238749
462,-3425,-0.08930640618454011
463,-3415,-0.01203112354520497
464,-3405,0.043044159094130174
465,-3395,0.06846944173346503
466,-3385,0.07534472437280004
467,-3375,0.08647000701213481
468,-3365,0.12009528965146987
469,-3355,0.1781205722908048
470,-3345,0.24444585493014004
471,-3335,0.29442113756947497
472,-3325,0.31044642020880997
473,-3315,0.2887217028481448
474,-3305,0.23649698548747966
475,-3295,0.16512226812681452
476,-3285,0.0884975507661494
477,-3275,0.01982283340548463
478,-3265,-0.03260188395518038
479,-3255,-0.07277660131584551
480,-3245,-0.11660131867651069
481,-3235,-0.17747603603717566
482,-3225,-0.25540075339784085
483,-3215,-0.3321754707585058
484,-3205,-0.3830501881191707
485,-3195,-0.39277490547983585
486,-3185,-0.36379962284050094
487,-3175,-0.3101243402011661
488,-3165,-0.24574905756183096
489,-3155,-0.18152377492249605
490,-3145,-0.1217484922831612
491,-3135,-0.06832320964382599
492,-3125,-0.023347927004491176
493,-3115,0.0121773556348439
494,-3105,0.03950263827417877
495,-3095,0.061727920913513756
496,-3085,0.07770320355284865
497,-3075,0.0819784861921834
498,-3065,0.06990376883151872
499,-3055,0.04207905147085367
500,-3045,0.0066543341101884534
501,-3035,-0.02437038325047658
502,-3025,-0.0434951006111417
503,-3015,-0.050969817971806775
504,-3005,-0.04709453533247143
505,-2995,-0.02796925269313666
506,-2985,0.010956029946198265
507,-2975,0.07278131258553311
508,-2965,0.1554565952248681
509,-2955,0.251081877864203
510,-2945,0.3502071605035382
511,-2935,0.4437324431428731
512,-2925,0.524557725782208
513,-2915,0.5848830084215428
514,-2905,0.6147082910608781
515,-2895,0.6076335737002128
516,-2885,0.5670588563395478
517,-2875,0.5061341389788825
518,-2865,0.44005942161821765
519,-2855,0.3782347042575529
520,-2845,0.3207099868968877
521,-2835,0.2650852695362226
522,-2825,0.2142605521755574
523,-2815,0.1758358348148924
524,-2805,0.1595611174542273
525,-2795,0.17018640009356256
526,-2785,0.2038616827328974
527,-2775,0.24913696537223218
528,-2765,0.2940122480115672
529,-2755,0.326037530650902
530,-2745,0.3331128132902371
531,-2735,0.3073880959295723
532,-2725,0.2493633785689071
533,-2715,0.16908866120824206
534,-2705,0.08201394384757688
535,-2695,8.922648691200852e-05
536,-2685,-0.07373549087375308
537,-2675,-0.14236020823441825
538,-2665,-0.20798492559508308
539,-2655,-0.2688096429557483
540,-2645,-0.31993436031641315
541,-2635,-0.3576090776770783
542,-2625,-0.38083379503774334
543,-2615,-0.3881585123984085
544,-2605,-0.3771332297590736
545,-2595,-0.34745794711973826
546,-2585,-0.3043826644804034
547,-2575,-0.2550073818410685
548,-2565,-0.20533209920173368
549,-2555,-0.16270681656239872
550,-2545,-0.13568153392306392
551,-2535,-0.13000625128372878
552,-2525,-0.14643096864439364
553,-2515,-0.18475568600505876
554,-2505,-0.2465304033657239
555,-2495,-0.3282551207263888
556,-2485,-0.41867983808705395
557,-2475,-0.502004555447719
558,-2465,-0.5647292728083841
559,-2455,-0.600203990169049
560,-2445,-0.6029787075297139
561,-2435,-0.571103424890379
562,-2425,-0.5111781422510442
563,-2415,-0.4324028596117093
564,-2405,-0.3408775769723744
565,-2395,-0.2384522943330391
566,-2385,-0.1262770116937042
567,-2375,-0.01025172905436933
568,-2365,0.10217355358496549
569,-2355,0.20299883622430037
570,-2345,0.2819741188636353
571,-2335,0.3305994015029704
572,-2325,0.3517246841423054
573,-2315,0.3584999667816403
574,-2305,0.36882524942097517
575,-2295,0.3967505320603102
576,-2285,0.44577581469964533
577,-2275,0.5085010973389802
578,-2265,0.570026379978315
579,-2255,0.6161516626176502
580,-2245,0.635776945256985
581,-2235,0.6211522278963202
582,-2225,0.567727510535655
583,-2215,0.47285279317498985
584,-2205,0.33777807581432473
585,-2195,0.17235335845365962
586,-2185,-0.007771358907005088
587,-2175,-0.18949607626767018
588,-2165,-0.3608207936283353
589,-2155,-0.5088455109890004
590,-2145,-0.6200202283496655
591,-2135,-0.6840449457103307
592,-2125,-0.6975196630709953
593,-2115,-0.6623443804316604
594,-2105,-0.5842190977923256
595,-2095,-0.47394381515299067
596,-2085,-0.3427185325136558
597,-2075,-0.1986432498743207
598,-2065,-0.050517967234985806
599,-2055,0.08975731540434928
600,-2045,0.20918259804368422
601,-2035,0.29835788068301905
602,-2025,0.3563331633223541
603,-2015,0.38710844596168914
604,-2005,0.395583728601024
605,-1995,0.38865901124035873
606,-1985,0.37973429387969393
607,-1975,0.38655957651902895
608,-1965,0.4209848591583638
609,-1955,0.4833601417976988
610,-1945,0.5628854244370336
611,-1935,0.6483607070763684
612,-1925,0.7312359897157035
613,-1915,0.8053112723550386
614,-1905,0.8670365549943735
615,-1895,0.9156618376337085
616,-1885,0.9513871202730435
617,-1875,0.9681624029123783
618,-1865,0.9554376855517133
619,-1855,0.9050129681910484
620,-1845,0.8144882508303835
621,-1835,0.6890135334697183
622,-1825,0.5375888161090531
623,-1815,0.3687640987483882
624,-1805,0.19008938138772302
625,-1795,0.009464664027057923
626,-1785,-0.16276005333360694
627,-1775,-0.3150347706942718
628,-1765,-0.43455948805493694
629,-1755,-0.5139842054156021
630,-1745,-0.5625089227762672
631,-1735,-0.5949836401369323
632,-1725,-0.6179083574975974
633,-1715,-0.6300330748582621
634,-1705,-0.6296077922189273
635,-1695,-0.6203325095795924
636,-1685,-0.6078572269402575
637,-1675,-0.5943819443009226
638,-1665,-0.5776566616615875
639,-1655,-0.5513313790222526
640,-1645,-0.5087560963829175
641,-1635,-0.4431308137435826
642,-1625,-0.34995553110424776
643,-1615,-0.23428024846491263
644,-1605,-0.11060496582557774
645,-1595,0.003320316813757107
646,-1585,0.09564559945309203
647,-1575,0.16197088209242716
648,-1565,0.20634616473176226
649,-1555,0.2368714473710971
650,-1545,0.25334673001043195
651,-1535,0.24632201264976694
652,-1525,0.20534729528910173
653,-1515,0.12212257792843706
654,-1505,-0.0016021394322280336
655,-1495,-0.14412685679289317
656,-1485,-0.2672015741535583
657,-1475,-0.33927629151422345
658,-1465,-0.34845100887488856
659,-1455,-0.30217572623555344
660,-1445,-0.22080044359621834
661,-1435,-0.12677516095688343
662,-1425,-0.03679987831754833
663,-1415,0.045075404321786305
664,-1405,0.12220068696112141
665,-1395,0.1995759696004561
666,-1385,0.2795012522397912
667,-1375,0.3578265348791263
668,-1365,0.42610181751846143
669,-1355,0.47577710015779606
670,-1345,0.5002023827971311
671,-1335,0.49662766543646586
672,-1325,0.47135294807580097
673,-1315,0.44017823071513607
674,-1305,0.4166035133544711
675,-1295,0.4023287959938058
676,-1285,0.39360407863314084
677,-1275,0.388079361272476
678,-1265,0.3813046439118106
679,-1255,0.36602992655114575
680,-1245,0.33585520919048084
681,-1235,0.2910304918298155
682,-1225,0.2390557744691506
683,-1215,0.1911310571084857
684,-1205,0.15265633974782034
685,-1195,0.12058162238715547
686,-1185,0.08600690502649014
687,-1175,0.04298218766582568
688,-1165,-0.008142529694839667
689,-1155,-0.06581724705550457
690,-1145,-0.1290419644161699
691,-1135,-0.1950166817768348
692,-1125,-0.2560413991375001
693,-1115,-0.301566116498165
694,-1105,-0.3220408338588299
695,-1095,-0.31116555121949485
696,-1085,-0.26819026858016015
697,-1075,-0.19646498594082507
698,-1065,-0.10233970330148998
699,-1055,0.0057355793378446734
700,-1045,0.12056086197717977
701,-1035,0.23668614461651483
702,-1025,0.3472114272558495
703,-1015,0.44098670989518474
704,-1005,0.5052619925345198
705,-995,0.5318372751738545
706,-985,0.5174125578131895
707,-975,0.4637878404525242
708,-965,0.3803631230918597
709,-955,0.2840384057311944
710,-945,0.1901136883705295
711,-935,0.10698897100986415
712,-925,0.034614253649199234
713,-915,-0.03021046371146565
714,-905,-0.08758518107213054
715,-895,-0.1356098984327959
716,-885,-0.1703846157934608
717,-875,-0.18645933315412613
718,-865,-0.18143405051479103
719,-855,-0.16225876787545593
720,-845,-0.14238348523612127
721,-835,-0.13265820259678615
722,-825,-0.13423291995745107
723,-815,-0.14065763731811595
724,-805,-0.14763235467878127
725,-795,-0.1541570720394462
726,-785,-0.15923178940011154
727,-775,-0.16275650676077644
728,-765,-0.16438122412144135
729,-755,-0.15985594148210622
730,-745,-0.14218065884277156
731,-735,-0.10705537620343646
732,-725,-0.06338009356410179
733,-715,-0.0335048109247667
734,-705,-0.03377952828543159
735,-695,-0.06220424564609649
736,-685,-0.10082896300676183
737,-675,-0.1274536803674267
738,-665,-0.12432839772809207
739,-655,-0.08770311508875697
740,-645,-0.029827832449421873
741,-635,0.03429745018991324
742,-625,0.0937227328292479
743,-615,0.148298015468583
744,-605,0.2077232981079181
745,-595,0.2818485807472528
746,-585,0.37127386338658785
747,-575,0.4654991460259225
748,-565,0.5476244286652576
749,-555,0.6032497113045927
750,-545,0.6273249939439278
751,-535,0.6262502765832625
752,-525,0.6139255592225976
753,-515,0.5981508418619323
754,-505,0.5738761245012673
755,-495,0.5315514071406024
756,-485,0.46757668977993755
757,-475,0.3917019724192722
758,-465,0.3214772550586073
759,-455,0.269402537697942
760,-445,0.23797782033727707
761,-435,0.22285310297661218
762,-425,0.2148783856159473
763,-415,0.20285366825528195
764,-405,0.17642895089461705
765,-395,0.12900423353395216
766,-385,0.06732951617328681
767,-375,0.0073047988126219154
768,-365,-0.042169918548043445
769,-355,-0.08749463590870832
770,-345,-0.13986935326937325
771,-335,-0.20154407063003815
772,-325,-0.26606878799070344
773,-315,-0.3264435053513684
774,-305,-0.3801682227120337
775,-295,-0.42799294007269817
776,-285,-0.46791765743336344
777,-275,-0.49389237479402837
778,-265,-0.49446709215469364
779,-255,-0.46304180951535856
780,-245,-0.40321652687602394
781,-235,-0.3238912442366889
782,-225,-0.23866596159735376
783,-215,-0.16149067895801866
784,-205,-0.09416539631868401
785,-195,-0.0274401136793489
