time,GISP2martin24Tanom_decavg_temp
-7945,1.4228581692978843
-7935,1.3737757797555115
-7925,1.2984679764386629
-7915,1.1409413419152035
-7905,0.9009499010822521
-7895,0.7141389378911498
-7885,0.5883923778593596
-7875,0.5424537599731807
-7865,0.5234570849785403
-7855,0.5125011770644907
-7845,0.6536239825197243
-7835,0.8942482510237251
-7825,1.1748298874560388
-7815,1.4675649733960436
-7805,1.5795477149819424
-7795,1.5745877411545997
-7785,1.6718816547930753
-7775,1.806501654794725
-7765,1.75363442768491
-7755,1.5144413203688134
-7745,1.2762582639904618
-7735,1.2126351202895487
-7725,1.373695066816102
-7715,1.494669455315771
-7705,1.6006505838540703
-7695,1.7103505983408742
-7685,1.6669568880286838
-7675,1.5211734533762473
-7665,1.3070219243181262
-7655,1.1335254754203326
-7645,1.087203184003168
-7635,0.9804597029652462
-7625,0.7709069538817346
-7615,0.5743575272370203
-7605,0.42801167332454293
-7595,0.41898184274626016
-7585,0.6694830434092385
-7575,1.0694483432766826
-7565,1.3766831786968243
-7555,1.4912831288856814
-7545,1.375917039776776
-7535,1.1962566625216526
-7525,1.1452246424065988
-7515,1.150736123641678
-7505,1.0540811544748356
-7495,0.8824674343042602
-7485,0.5968070059923223
-7475,0.1954156844933097
-7465,-0.05326893399742216
-7455,-0.07946205199894374
-7445,0.11096218389538581
-7435,0.3935982785699339
-7425,0.5643988176847694
-7415,0.6644083179400173
-7405,0.7819634360502552
-7395,0.9345153577587153
-7385,1.0399296547436943
-7375,1.1668164626734
-7365,1.3033297104341783
-7355,1.3315917519545297
-7345,1.3077361825193274
-7335,1.1204374978202893
-7325,0.9768786840276089
-7315,1.018550837625058
-7305,1.1240502470738787
-7295,1.2737665518774954
-7285,1.2939416516616196
-7275,1.1968729271900465
-7265,1.1000261381422276
-7255,1.0433023151424847
-7245,0.9692314460450269
-7235,0.8282159620307152
-7225,0.6593145273516161
-7215,0.5208043289404711
-7205,0.3998958763125966
-7195,0.23783822789558573
-7185,0.1217880707370107
-7175,0.1506875627219182
-7165,0.3197593376280361
-7155,0.4868166165734171
-7145,0.6045786182684243
-7135,0.6166957735043397
-7125,0.41154259892630574
-7115,0.07070326524307236
-7105,-0.2218915797283283
-7095,-0.21913919724231
-7085,0.09656392252610924
-7075,0.4246996746219336
-7065,0.460423075420334
-7055,0.2826247688335084
-7045,0.09808982892735107
-7035,0.01714986379708816
-7025,0.07230410507965357
-7015,0.11851365177304074
-7005,0.17602840928806707
-6995,0.32661038924798547
-6985,0.6468123195085143
-6975,0.9379580241177323
-6965,0.9144695235165314
-6955,0.7670645575846637
-6945,0.6887348585866673
-6935,0.7356280718131218
-6925,0.7985219868431805
-6915,0.6734130521738431
-6905,0.5272880389473888
-6895,0.6249454754203385
-6885,0.9055302542626533
-6875,1.1978427724263216
-6865,1.32573258919279
-6855,1.1739401420869946
-6845,0.8451189844023728
-6835,0.4869710965128189
-6825,0.3883669744779976
-6815,0.6437906068944412
-6805,1.0110546053736864
-6795,1.3218225807881265
-6785,1.3983231772095994
-6775,1.3786728667706454
-6765,1.4035999484351454
-6755,1.4180115836240121
-6745,1.4634120892817193
-6735,1.561722053669465
-6725,1.6371379668694792
-6715,1.6162271672134918
-6705,1.3879894517517033
-6695,0.9878007199807417
-6685,0.6345725487925447
-6675,0.4868019491143152
-6665,0.4941701027942704
-6655,0.4471599049691424
-6645,0.290443536047321
-6635,0.21111854788853268
-6625,0.42462288948283566
-6615,0.7866379285453413
-6605,0.9722824004020612
-6595,0.7948770266676695
-6585,0.36639072460686717
-6575,0.06342717191838876
-6565,0.054544946464120114
-6555,0.2330443068962864
-6545,0.4043438188149908
-6535,0.4001368126573124
-6525,0.1916356113426616
-6515,-0.04166713194024285
-6505,-0.1298524333626856
-6495,0.010063766682466113
-6485,0.23092731187702298
-6475,0.3287356113426645
-6465,0.4122492035756744
-6455,0.4251119220222781
-6445,0.347733478442509
-6435,0.235778359633245
-6425,0.09738771742101315
-6415,0.05750693845535371
-6405,0.04164622441343968
-6395,-0.0156961152229389
-6385,-0.04346161229896239
-6375,0.05316799601000821
-6365,0.2825894872231811
-6355,0.4903281396051442
-6345,0.5001475412658516
-6335,0.30954706099698814
-6325,0.1625181092660133
-6315,0.12979488995864497
-6305,0.16302445967230206
-6295,0.27085544594325195
-6285,0.35544343589464344
-6275,0.4183110991827128
-6265,0.49859490399176365
-6255,0.4048520042473698
-6245,0.10856630410559509
-6235,-0.16597901958964845
-6225,-0.2541325625038173
-6215,-0.1513542560425889
-6205,-0.06274385240801283
-6195,-0.10777772939894459
-6185,-0.2632477402269602
-6175,-0.3709908646523601
-6165,-0.2710823713538637
-6155,0.03734488508145328
-6145,0.40232903097589245
-6135,0.6411597102381528
-6125,0.7421324865846093
-6115,0.6897163858834179
-6105,0.6833183120398907
-6095,0.7647503500456563
-6085,0.7856793577732755
-6075,0.6762389819425434
-6065,0.3312729641981904
-6055,-0.11913670944418886
-6045,-0.4472079276370986
-6035,-0.46538577852514673
-6025,-0.27968476432636313
-6015,-0.12187312412780993
-6005,-0.09632368482307485
-5995,-0.322281233007778
-5985,-0.6068347966641516
-5975,-0.68065600943238
-5965,-0.47631599826387283
-5955,-0.07199942361045908
-5945,0.2354605461274053
-5935,0.31770805671717506
-5925,0.2578955428690137
-5915,0.32391972347316345
-5905,0.5038770623519551
-5895,0.6911029017776786
-5885,0.8726238232906893
-5875,0.843934921203469
-5865,0.6899298194336607
-5855,0.6347005295285513
-5845,0.6645910385465876
-5835,0.6958107762255379
-5825,0.6768635049612519
-5815,0.6223938730251257
-5805,0.5656377969764255
-5795,0.43053628446360626
-5785,0.15285136346893702
-5775,-0.0633922053951732
-5765,0.09550729323060292
-5755,0.5064448471897229
-5745,0.8512535947046245
-5735,0.8769937537503489
-5725,0.5976804557605164
-5715,0.3092081404460574
-5705,0.1467512579128709
-5695,0.08549802987577992
-5685,0.1639502894231597
-5675,0.281521990271822
-5665,0.36399658350754094
-5655,0.4308663725361328
-5645,0.471502540500756
-5635,0.5565028163979104
-5625,0.6594997071739439
-5615,0.7088267529219987
-5605,0.632686710656903
-5595,0.43217940427408985
-5585,0.37218889044009895
-5575,0.48274987349492493
-5565,0.5149701157365403
-5555,0.4831293518340627
-5545,0.4631781144059728
-5535,0.47141557654349
-5525,0.5897421882916196
-5515,0.651196247697563
-5505,0.5995626365864517
-5495,0.5937659043060799
-5485,0.5860885547854124
-5475,0.5244798246266857
-5465,0.442950413790117
-5455,0.41634405196109014
-5445,0.4906254512149708
-5435,0.561583236376511
-5425,0.5006888359343677
-5415,0.3308560950416479
-5405,0.2406567089532683
-5395,0.2965077967776186
-5385,0.4156214754203391
-5375,0.5095822830355659
-5365,0.3745774433562148
-5355,0.07774942732414036
-5345,-0.20027619822414255
-5335,-0.5482205004832724
-5325,-0.753836966346735
-5315,-0.7254970755966083
-5305,-0.5553656525199959
-5295,-0.3023264649476747
-5285,-0.26068526086836363
-5275,-0.38350915867029467
-5265,-0.5281310354138096
-5255,-0.6597817086787168
-5245,-0.703740675361679
-5235,-0.6938372431009106
-5225,-0.6426031065941438
-5215,-0.4741443383448458
-5205,-0.17741033024768216
-5195,0.07381297990005287
-5185,0.18441315522915636
-5175,0.16826820158666278
-5165,0.206246215735975
-5155,0.43873483692036364
-5145,0.728233378288119
-5135,1.0493381095666723
-5125,1.1355139039468214
-5115,0.9729928170658835
-5105,0.6378611412094302
-5095,0.2830003096560958
-5085,0.3192272972749455
-5075,0.49817704913495375
-5065,0.6250236362749009
-5055,0.5378530672570705
-5045,0.3079346999101287
-5035,0.18788071009334484
-5025,0.2776949603333172
-5015,0.5572269322877439
-5005,0.8180526165246294
-4995,0.8649636594694141
-4985,0.6738879948477421
-4975,0.5301764649607152
-4965,0.41804932777878
-4955,0.3512817199139482
-4945,0.3663265927725754
-4935,0.36599819013403856
-4925,0.40864412964324726
-4915,0.5136512382371798
-4905,0.5136632383549964
-4895,0.4737879332922166
-4885,0.4146923665907647
-4875,0.3593015597102327
-4865,0.40494688741077667
-4855,0.48317595216127707
-4845,0.6037862064264967
-4835,0.7166845721661814
-4825,0.7240168804954985
-4815,0.525672475344277
-4805,0.16730752110188485
-4795,0.05933302367495297
-4785,0.17875783756025476
-4775,0.38260063591416227
-4765,0.4347788252145752
-4755,0.22156714985078096
-4745,-0.15472594335697254
-4735,-0.4829315540650436
-4725,-0.6966608845983335
-4715,-0.8276918675859017
-4705,-0.7957950834019448
-4695,-0.5725333974319042
-4685,-0.2253754745605807
-4675,0.06602172284301489
-4665,0.13938924776420425
-4655,0.0956054341832211
-4645,0.0326589550999814
-4635,-0.2607160278598937
-4625,-0.7152034586343767
-4615,-1.076777208740866
-4605,-1.0362140426848034
-4595,-0.778899190081922
-4585,-0.5939579295383457
-4575,-0.5531482187945409
-4565,-0.42181796752406975
-4555,-0.03814222705900705
-4545,0.31006286422651463
-4535,0.456143924404816
-4525,0.26813622545028615
-4515,0.013753431531416282
-4505,0.026025640350266777
-4495,0.16259475427323444
-4485,0.2192724423624839
-4475,0.13946252500711287
-4465,-0.09928432299492984
-4455,-0.32936693695080155
-4445,-0.546465460136073
-4435,-0.5949952311141711
-4425,-0.30815978946671785
-4415,0.15358361085144634
-4405,0.47032933696891743
-4395,0.3673220468489067
-4385,0.18581850887974571
-4375,0.10956797271306584
-4365,0.09443013254156174
-4355,0.12486942683733826
-4345,-0.07612931196771688
-4335,-0.3574803719240772
-4325,-0.4557668471603107
-4315,-0.4625207804373914
-4305,-0.26023367349727256
-4295,-0.10046400355367768
-4285,-0.08770488129309228
-4275,-0.11992304562174794
-4265,-0.13773180801280138
-4255,0.12839802631854136
-4245,0.5005128914090662
-4235,0.743320686575712
-4225,0.7017848818819581
-4215,0.366499147279268
-4205,0.049871835261291464
-4195,-0.06491700077014051
-4185,-0.036322417240360894
-4175,0.005546742747069011
-4165,0.04805723779657223
-4155,0.07764309738253083
-4145,0.1321585362742459
-4135,0.13533935001396924
-4125,0.06228559858145544
-4115,0.017289440837304326
-4105,0.1048468482014
-4095,0.2678742348668255
-4085,0.42748431888738647
-4075,0.6379475051459094
-4065,0.7004153544679985
-4055,0.6327575053012151
-4045,0.5766459163652167
-4035,0.4957479889241936
-4025,0.5135093693618469
-4015,0.48147839668017456
-4005,0.2417623287182602
-3995,0.07613594571805571
-3985,0.17423348722359133
-3975,0.3802383937293592
-3965,0.5758768238183531
-3955,0.5814302801540632
-3945,0.4792271243355213
-3935,0.37120444188976265
-3925,0.15875693621817266
-3915,-0.06575616884844226
-3905,-0.2682045976043601
-3895,-0.35669890825281514
-3885,-0.26888137606481344
-3875,-0.18551401632883957
-3865,-0.2571386612832538
-3855,-0.38863439166288094
-3845,-0.472109625971316
-3835,-0.40812878987237355
-3825,-0.18699019831414931
-3815,0.035662320041850215
-3805,0.07283443159563263
-3795,-0.033355120773731706
-3785,-0.08690297089023158
-3775,-0.06514533794894373
-3765,0.06552925231276174
-3755,0.2046563439462299
-3745,0.25207562190398214
-3735,0.3165567110662213
-3725,0.3641573720406126
-3715,0.27520437415491106
-3705,0.11813983349536428
-3695,0.08097794579594408
-3685,0.1786010878337485
-3675,0.3900473884638114
-3665,0.544438854968323
-3655,0.4194704003609271
-3645,0.21435480673231133
-3635,0.15338269457361453
-3625,0.16179863370282588
-3615,0.1627285029938641
-3605,0.1717394365111331
-3595,0.06423655990802679
-3585,-0.006687739677128102
-3575,0.09417608364008934
-3565,0.10221747589921892
-3555,0.1313409202392255
-3545,0.11111044081980115
-3535,-0.046115682823592685
-3525,-0.18576263302496288
-3515,-0.18164144165235796
-3505,0.06662921556049994
-3495,0.3849930075608545
-3485,0.6998964639260801
-3475,0.9427537998774258
-3465,0.9934760217319507
-3455,0.8271188777191845
-3445,0.5328168086801313
-3435,0.2644359576788864
-3425,-0.014860881585422092
-3415,-0.23343325534889559
-3405,-0.4655892635747727
-3395,-0.6873885669688744
-3385,-0.6941597091267228
-3375,-0.5623279382895882
-3365,-0.4472420619994236
-3355,-0.36543085845798573
-3345,-0.27448887013226253
-3335,-0.15657747986298332
-3325,0.024320550319430145
-3315,0.23225487291084068
-3305,0.44374554890204654
-3295,0.6870687787676437
-3285,1.0064611904923306
-3275,1.298391077267476
-3265,1.5498965887316656
-3255,1.7067618822807602
-3245,1.6555142296994396
-3235,1.3934951389612102
-3225,1.0059958003720215
-3215,0.6334532667915012
-3205,0.36803136668881464
-3195,0.27946464007897
-3185,0.18798359396291708
-3175,0.12313070103206969
-3165,0.12971066180026303
-3155,0.22430798202484192
-3145,0.5331725837880938
-3135,0.8041809804913296
-3125,0.8382238291530806
-3115,0.5106705280588859
-3105,-0.01619434535359421
-3095,-0.40364709775394225
-3085,-0.5204040756000732
-3075,-0.39155702080269283
-3065,-0.12207774403053562
-3055,0.07523023771541681
-3045,0.12484500654094632
-3035,-0.027224859441645988
-3025,-0.2313797588771609
-3015,-0.31602669546274265
-3005,-0.3717546570305589
-2995,-0.3731079678786343
-2985,-0.4436864887953941
-2975,-0.5487730121829714
-2965,-0.5854820859813729
-2955,-0.5348510767073817
-2945,-0.3115534396935382
-2935,-0.011177511238081195
-2925,0.3051123481298008
-2915,0.4192877997934179
-2905,0.4333187036361026
-2895,0.34838535247453173
-2885,0.08613416502791016
-2875,-0.18686414157744813
-2865,-0.3790419825208493
-2855,-0.32228951834265906
-2845,-0.1001340089871472
-2835,0.07440237354923429
-2825,0.09532704437390294
-2815,0.04940320515006369
-2805,0.06365273737459631
-2795,0.04285932521243474
-2785,-0.015570183623323297
-2775,-0.13309055784369828
-2765,-0.36430261605575887
-2755,-0.5780367116898554
-2745,-0.7931462673355075
-2735,-0.848875914250215
-2725,-0.5737518495854903
-2715,-0.17704291462116295
-2705,0.13768654724838036
-2695,0.19309546196707328
-2685,-0.04899181069772385
-2675,-0.2929671042898123
-2665,-0.4532813626269927
-2655,-0.4274491106892072
-2645,-0.3242987342584591
-2635,-0.2719402827802275
-2625,-0.2162050812806955
-2615,-0.31135239980465146
-2605,-0.23963666983785892
-2595,-0.22788341521150324
-2585,-0.18891418172539787
-2575,-0.0735050521870273
-2565,0.013628901664152648
-2555,0.19847888002020375
-2545,0.28144470185876513
-2535,0.3426354337459845
-2525,0.406826825296265
-2515,0.3701792250697462
-2505,0.41073456170094147
-2495,0.4214461661833866
-2485,0.4679187660014965
-2475,0.4067346637970921
-2465,-0.026839524579654883
-2455,-0.4921857341605027
-2445,-0.7106476822642953
-2435,-0.6859969836615021
-2425,-0.5616070623089872
-2415,-0.45291015731419626
-2405,-0.36443710342198066
-2395,-0.12189418925032314
-2385,0.22257649338441055
-2375,0.5278494754203391
-2365,0.7425796878451858
-2355,0.7805119523742423
-2345,0.5616726029927457
-2335,0.18435511862642873
-2325,-0.11742399251983393
-2315,-0.19521447638689438
-2305,-0.14265529721547976
-2295,-0.18540942196397125
-2285,-0.4582545702731804
-2275,-0.8008931022716196
-2265,-0.8861186417991098
-2255,-0.6027437878366221
-2245,-0.17698240096702733
-2235,0.2302494834848552
-2225,0.4418186026352382
-2215,0.4624210560654971
-2205,0.3443375510028628
-2195,0.09301822090939904
-2185,-0.14727285741538831
-2175,-0.363275214298623
-2165,-0.6045075843252368
-2155,-0.8232389994287606
-2145,-0.9432119091764024
-2135,-0.9545629907663438
-2125,-0.7762419864270551
-2115,-0.4343694964672171
-2105,-0.12122470407117802
-2095,0.10782537922794977
-2085,0.14337085417784956
-2075,0.17507157962875208
-2065,0.24762947462193163
-2055,0.254999055061053
-2045,0.08197046311824785
-2035,-0.24082126895545386
-2025,-0.4585663313743191
-2015,-0.6047712205472859
-2005,-0.4977881056906077
-1995,-0.2168028665279751
-1985,0.08151840583782799
-1975,0.30394862452570215
-1965,0.27288655251333127
-1955,0.026609586531447516
-1945,-0.18904676267490306
-1935,-0.33977824939500434
-1925,-0.3813545247368244
-1915,-0.27453261604595514
-1905,-0.03327984219713942
-1895,0.25249288136092796
-1885,0.4006261486876612
-1875,0.35064357443023564
-1865,0.0766330793807315
-1855,-0.12283345527273504
-1845,-0.16418197012421976
-1835,-0.22430870279748727
-1825,-0.3314281427849648
-1815,-0.5575443463618428
-1805,-0.8318690988370927
-1795,-1.098054803300394
-1785,-1.3270631582430317
-1775,-1.4236410656766323
-1765,-1.3349344453717453
-1755,-1.1725888961025317
-1745,-1.140575220949302
-1735,-1.188170682209714
-1725,-1.1552757309288713
-1715,-1.0396018860443839
-1705,-0.8674195801352216
-1695,-0.6474253341034742
-1685,-0.47279590223171675
-1675,-0.33319173806068436
-1665,-0.34247616601675746
-1655,-0.49336541346855534
-1645,-0.6919405337784398
-1635,-0.8574894841239866
-1625,-0.8975502804570992
-1615,-0.9107896900313994
-1605,-0.8775334828301626
-1595,-0.8072633039037209
-1585,-0.760333880444476
-1575,-0.6727051631070666
-1565,-0.5820781875104478
-1555,-0.4146401305929881
-1545,-0.14247143915595206
-1535,0.04263562681475741
-1525,-0.023362652038022125
-1515,-0.22536378511834743
-1505,-0.4292818704616056
-1495,-0.6085378207124991
-1485,-0.7346056615248986
-1475,-0.9770093274997226
-1465,-1.1796730355418052
-1455,-1.189188800028767
-1445,-1.148640297034755
-1435,-1.1226603944399447
-1425,-1.137603922583657
-1415,-1.1993637956375491
-1405,-1.1768567676934385
-1395,-1.0596603245796663
-1385,-0.947138724579666
-1375,-0.9101751434173406
-1365,-0.9331345085476008
-1355,-0.9622066816938937
-1345,-0.9699805638582225
-1335,-0.9625609935175409
-1325,-0.9255569758436388
-1315,-0.9309121005508851
-1305,-0.9856159806001401
-1295,-0.9988568454623946
-1285,-1.1039409824109898
-1275,-1.262914060235366
-1265,-1.3286351506331757
-1255,-1.3961772142599158
-1245,-1.3115601261893233
-1235,-1.0666778324267492
-1225,-0.7681261221651776
-1215,-0.46119804320755997
-1205,-0.33822026606081024
-1195,-0.4351862616310046
-1185,-0.590188016515149
-1175,-0.6664507181280526
-1165,-0.8172605971603092
-1155,-1.0885288095259023
-1145,-1.3235241655050485
-1135,-1.3498973261436928
-1125,-1.344421878115019
-1115,-1.4499136962968366
-1105,-1.7029588870709735
-1095,-1.8240551222977368
-1085,-1.7466544107286044
-1075,-1.507090232509161
-1065,-1.2922683497135965
-1055,-1.104137347382593
-1045,-0.9102649861181275
-1035,-0.6474228808549678
-1025,-0.30188037073351115
-1015,-0.006812940885682295
-1005,0.09263379930697457
-995,-0.025577211524832943
-985,-0.1218323880446941
-975,-0.15110924994120456
-965,-0.20339888499388548
-955,-0.40552206210501995
-945,-0.6577115144376781
-935,-0.9444125286364606
-925,-1.1082583704214504
-915,-1.2092785752401316
-905,-1.285527482708922
-895,-1.2328561317631612
-885,-1.216446713319585
-875,-1.2025550804595446
-865,-1.1875610559868455
-855,-1.20071034274949
-845,-1.1789585633665847
-835,-1.0389704270186895
-825,-0.9005402995429727
-815,-0.908764486122567
-805,-1.2310742888073072
-795,-1.655448552794856
-785,-1.9012299206686163
-775,-1.8361021343357629
-765,-1.4939606709211284
-755,-1.127205386368284
-745,-0.8259192075064945
-735,-0.7874999195894776
-725,-1.034678016193973
-715,-1.258994273058367
-705,-1.4239298283219355
-695,-1.3752457553488966
-685,-1.1646273342962647
-675,-1.1142659185190593
-665,-1.0805245043776452
-655,-1.1121452847621351
-645,-1.3038737019990205
-635,-1.4432878149022454
-625,-1.6798790461607647
-615,-1.9137951362496854
-605,-2.110534371662161
-595,-2.0838128760216508
-585,-1.9164511049938773
-575,-1.6719273277925168
-565,-1.3571562434551676
-555,-1.1380783318085803
-545,-0.9210789595701282
-535,-0.8252680047287184
-525,-0.9245007267993655
-515,-1.0427581903207863
-505,-1.1102631721720388
-495,-1.1759063476796805
-485,-1.328088646413695
-475,-1.4237007090932707
-465,-1.3667620912954261
-455,-1.2085320609536183
-445,-1.1118575867039138
-435,-1.0668970451388562
-425,-1.0267980676658377
-415,-0.9182295305916892
-405,-0.8483147009323706
-395,-1.057341755040587
-385,-1.2109427570445954
-375,-1.364227360251008
-365,-1.3332924035375813
-355,-1.197728540210928
-345,-1.084557921774054
-335,-1.1324014271848761
-325,-1.36091064321694
-315,-1.4700459245796653
-305,-1.4117587245796652
-295,-1.1875428191904436
-285,-1.0738676607074098
-275,-1.2630663497293666
-265,-1.5542331042203845
-255,-1.7341114287712822
-245,-1.7837523688910426
-235,-1.6625491393501244
-225,-1.55336844074733
-215,-1.5318682411465316
-205,-1.5468115545197851
