time,NGRIP1seierstad14d18O_decavg_d18O
-7945,-33.928625
-7935,-34.126125
-7925,-34.377250000000004
-7915,-34.672250000000005
-7905,-34.76099999999999
-7895,-34.681
-7885,-34.67249999999999
-7875,-34.7225
-7865,-34.760124999999995
-7855,-34.787625000000006
-7845,-34.72025
-7835,-34.57524999999999
-7825,-34.472875
-7815,-34.40537500000001
-7805,-34.287
-7795,-34.127
-7785,-34.02475
-7775,-33.96975
-7765,-34.02612499999999
-7755,-34.173625
-7745,-34.32525
-7735,-34.48025
-7725,-34.51425
-7715,-34.44925
-7705,-34.352625
-7695,-34.230125
-7685,-34.251999999999995
-7675,-34.391999999999996
-7665,-34.420624999999994
-7655,-34.358124999999994
-7645,-34.22687499999999
-7635,-34.03937499999999
-7625,-34.07462499999999
-7615,-34.292125
-7605,-34.405125
-7595,-34.432625
-7585,-34.33500000000001
-7575,-34.135000000000005
-7565,-34.115125
-7555,-34.242625
-7545,-34.33575
-7535,-34.40075
-7525,-34.50150000000001
-7515,-34.6315
-7505,-34.7505
-7495,-34.860499999999995
-7485,-34.87287500000001
-7475,-34.80537500000001
-7465,-34.651250000000005
-7455,-34.42625
-7445,-34.279624999999996
-7435,-34.19712499999999
-7425,-34.24524999999999
-7415,-34.40024999999999
-7405,-34.494749999999996
-7395,-34.53975
-7385,-34.566874999999996
-7375,-34.579375
-7365,-34.542375
-7355,-34.464875
-7345,-34.45612500000001
-7335,-34.50362500000001
-7325,-34.570375
-7315,-34.652875
-7305,-34.688625
-7295,-34.686125000000004
-7285,-34.733125
-7275,-34.82062500000001
-7265,-34.875125000000004
-7255,-34.90262500000001
-7245,-34.795375000000014
-7235,-34.577875000000006
-7225,-34.484125
-7215,-34.491625
-7205,-34.606375
-7195,-34.808875
-7185,-34.87387499999999
-7175,-34.826375000000006
-7165,-34.778875
-7155,-34.73137499999999
-7145,-34.792500000000004
-7135,-34.94250000000001
-7125,-34.95775
-7115,-34.862750000000005
-7105,-34.777375000000006
-7095,-34.699875
-7085,-34.748875
-7075,-34.901375
-7065,-34.813250000000004
-7055,-34.52824999999999
-7045,-34.450874999999996
-7035,-34.543375000000005
-7025,-34.65375
-7015,-34.77875
-7005,-34.841875
-6995,-34.854375
-6985,-34.800875000000005
-6975,-34.69337499999999
-6965,-34.63262499999999
-6955,-34.610125
-6945,-34.687999999999995
-6935,-34.848
-6925,-34.855374999999995
-6915,-34.737875
-6905,-34.576375
-6895,-34.378875
-6885,-34.38762499999999
-6875,-34.565124999999995
-6865,-34.678
-6855,-34.738
-6845,-34.730624999999996
-6835,-34.668124999999996
-6825,-34.6125
-6815,-34.56249999999999
-6805,-34.485
-6795,-34.385000000000005
-6785,-34.385374999999996
-6775,-34.467875
-6765,-34.614999999999995
-6755,-34.815000000000005
-6745,-34.889874999999996
-6735,-34.862375
-6725,-34.76749999999999
-6715,-34.61749999999999
-6705,-34.537625000000006
-6695,-34.51512500000001
-6685,-34.484375
-6675,-34.446875
-6665,-34.464375
-6655,-34.526875
-6645,-34.582499999999996
-6635,-34.63250000000001
-6625,-34.637125000000005
-6615,-34.604625000000006
-6605,-34.56249999999999
-6595,-34.51249999999999
-6585,-34.46799999999999
-6575,-34.428
-6565,-34.493874999999996
-6555,-34.646375
-6545,-34.786500000000004
-6535,-34.9165
-6525,-34.979124999999996
-6515,-34.986625
-6505,-34.9295
-6495,-34.81949999999999
-6485,-34.699875
-6475,-34.572375
-6465,-34.486125
-6455,-34.43362499999999
-6445,-34.47462499999999
-6435,-34.592124999999996
-6425,-34.61062499999999
-6415,-34.54812499999999
-6405,-34.39625
-6395,-34.17125
-6385,-34.114
-6375,-34.194
-6365,-34.334500000000006
-6355,-34.524499999999996
-6345,-34.696625
-6335,-34.854124999999996
-6325,-34.87137500000001
-6315,-34.773875000000004
-6305,-34.68737500000001
-6295,-34.609875
-6285,-34.657500000000006
-6275,-34.8075
-6265,-34.851625000000006
-6255,-34.80912500000001
-6245,-34.78037500000001
-6235,-34.76287500000001
-6225,-34.785250000000005
-6215,-34.840250000000005
-6205,-34.789375
-6195,-34.651875000000004
-6185,-34.629875000000006
-6175,-34.702375
-6165,-34.77762499999999
-6155,-34.855125
-6145,-34.825374999999994
-6135,-34.707875
-6125,-34.58624999999999
-6115,-34.46124999999999
-6105,-34.44487499999999
-6095,-34.517375
-6085,-34.65724999999999
-6075,-34.85225
-6065,-34.87949999999999
-6055,-34.7695
-6045,-34.764
-6035,-34.843999999999994
-6025,-34.950125
-6015,-35.07762500000001
-6005,-35.03600000000001
-5995,-34.85600000000001
-5985,-34.809375
-5975,-34.871875
-5965,-34.911
-5955,-34.931
-5945,-34.89875
-5935,-34.823750000000004
-5925,-34.79825
-5915,-34.81325
-5905,-34.8035
-5895,-34.7735
-5885,-34.662375000000004
-5875,-34.484875
-5865,-34.31425
-5855,-34.14925
-5845,-34.14512500000001
-5835,-34.272625000000005
-5825,-34.477124999999994
-5815,-34.744625
-5805,-34.865
-5795,-34.865
-5785,-34.79350000000001
-5775,-34.663500000000006
-5765,-34.583
-5755,-34.543
-5745,-34.55387499999999
-5735,-34.606375
-5725,-34.649249999999995
-5715,-34.684250000000006
-5705,-34.77425
-5695,-34.90925
-5685,-34.94525
-5675,-34.90025
-5665,-34.87037499999999
-5655,-34.852875
-5645,-34.939875
-5635,-35.112375
-5625,-35.011250000000004
-5615,-34.68625
-5605,-34.538625
-5595,-34.53612499999999
-5585,-34.65875
-5575,-34.88375
-5565,-34.967124999999996
-5555,-34.934625000000004
-5545,-34.843
-5535,-34.703
-5525,-34.54375
-5515,-34.36875
-5505,-34.356
-5495,-34.476
-5485,-34.553375
-5475,-34.59587500000001
-5465,-34.583375000000004
-5455,-34.525875
-5445,-34.55225
-5435,-34.647249999999985
-5425,-34.736749999999994
-5415,-34.821749999999994
-5405,-34.783
-5395,-34.643
-5385,-34.619875
-5375,-34.692375000000006
-5365,-34.784125
-5355,-34.891625
-5345,-34.92075
-5335,-34.88575000000001
-5325,-34.953875000000004
-5315,-35.106375
-5305,-35.148875000000004
-5295,-35.101375
-5285,-35.0305
-5275,-34.9405
-5265,-34.935750000000006
-5255,-35.000750000000004
-5245,-34.90075
-5235,-34.665749999999996
-5225,-34.58475000000001
-5215,-34.62975
-5205,-34.69675000000001
-5195,-34.78175
-5185,-34.804875
-5175,-34.77737499999999
-5165,-34.620625
-5155,-34.358125
-5145,-34.29775
-5135,-34.40275
-5125,-34.571000000000005
-5115,-34.791000000000004
-5105,-34.898250000000004
-5095,-34.913250000000005
-5085,-34.907625
-5075,-34.885125
-5065,-34.837875
-5055,-34.770375
-5045,-34.738625000000006
-5035,-34.736125
-5025,-34.729499999999994
-5015,-34.719500000000004
-5005,-34.701249999999995
-4995,-34.67625
-4985,-34.66362499999999
-4975,-34.66112499999999
-4965,-34.713625
-4955,-34.811125
-4945,-34.757375
-4935,-34.579875
-4925,-34.451875
-4915,-34.364374999999995
-4905,-34.38962500000001
-4895,-34.507125
-4885,-34.571
-4875,-34.590999999999994
-4865,-34.632999999999996
-4855,-34.693
-4845,-34.753
-4835,-34.813
-4825,-34.789125000000006
-4815,-34.696625
-4805,-34.59037500000001
-4795,-34.472875
-4785,-34.475
-4775,-34.575
-4765,-34.675
-4755,-34.775
-4745,-34.7815
-4735,-34.7115
-4725,-34.717125
-4715,-34.784625
-4705,-34.849374999999995
-4695,-34.911874999999995
-4685,-34.88775
-4675,-34.79275000000001
-4665,-34.781625
-4655,-34.839125
-4645,-34.933749999999996
-4635,-35.058749999999996
-4625,-35.06962500000001
-4615,-34.987125000000006
-4605,-34.928000000000004
-4595,-34.888
-4585,-34.84525
-4575,-34.80025
-4565,-34.714
-4555,-34.59400000000001
-4545,-34.498749999999994
-4535,-34.42375
-4525,-34.42575
-4515,-34.49075
-4505,-34.665749999999996
-4495,-34.93075
-4485,-35.110499999999995
-4475,-35.2205
-4465,-35.237
-4455,-35.177
-4445,-35.101875
-4435,-35.014374999999994
-4425,-34.82512499999999
-4415,-34.552625
-4405,-34.4245
-4395,-34.4145
-4385,-34.56675
-4375,-34.85175
-4365,-35.077625
-4355,-35.255125
-4345,-35.3075
-4335,-35.25749999999999
-4325,-35.136
-4315,-34.956
-4305,-34.846125
-4295,-34.793625
-4285,-34.75349999999999
-4275,-34.7235
-4265,-34.727875000000004
-4255,-34.760375
-4245,-34.86162500000001
-4235,-35.01912500000001
-4225,-35.102374999999995
-4215,-35.124875
-4205,-35.068999999999996
-4195,-34.94899999999999
-4185,-34.824875
-4175,-34.697375
-4165,-34.63725
-4155,-34.63225
-4145,-34.66025
-4135,-34.71525
-4125,-34.80049999999999
-4115,-34.9105
-4105,-34.980624999999996
-4095,-35.018125
-4085,-35.02674999999999
-4075,-35.01174999999999
-4065,-35.09575
-4055,-35.260749999999994
-4045,-35.28
-4035,-35.18000000000001
-4025,-35.089625
-4015,-35.007124999999995
-4005,-34.924625000000006
-3995,-34.842124999999996
-3985,-34.796749999999996
-3975,-34.781749999999995
-3965,-34.850624999999994
-3955,-34.988125
-3945,-35.04725
-3935,-35.04225
-3925,-35.024874999999994
-3915,-34.997375
-3905,-34.990500000000004
-3895,-35.000499999999995
-3885,-35.072374999999994
-3875,-35.194874999999996
-3865,-35.21425000000001
-3855,-35.14925000000001
-3845,-35.12275
-3835,-35.12775
-3825,-35.167125
-3815,-35.234625
-3805,-35.216875
-3795,-35.129375
-3785,-35.036375
-3775,-34.938875
-3765,-34.930749999999996
-3755,-34.99575
-3745,-35.10475
-3735,-35.249750000000006
-3725,-35.22975
-3715,-35.07475
-3705,-34.87437499999999
-3695,-34.636874999999996
-3685,-34.534125
-3675,-34.541625
-3665,-34.58625000000001
-3655,-34.66125
-3645,-34.64
-3635,-34.54
-3625,-34.52525000000001
-3615,-34.58025000000001
-3605,-34.72875
-3595,-34.95375
-3585,-35.077
-3575,-35.117000000000004
-3565,-35.05937500000001
-3555,-34.921875
-3545,-34.815999999999995
-3535,-34.736000000000004
-3525,-34.808625000000006
-3515,-35.006125000000004
-3505,-35.140375
-3495,-35.222875
-3485,-35.167875
-3475,-35.000375
-3465,-34.94975
-3455,-34.994749999999996
-3445,-35.087875000000004
-3435,-35.220375000000004
-3425,-35.214
-3415,-35.09400000000001
-3405,-34.974000000000004
-3395,-34.854000000000006
-3385,-34.78075
-3375,-34.74575
-3365,-34.815250000000006
-3355,-34.97025000000001
-3345,-35.084
-3335,-35.164
-3325,-35.04462500000001
-3315,-34.762125
-3305,-34.62262499999999
-3295,-34.600125000000006
-3285,-34.720625
-3275,-34.958124999999995
-3265,-35.11450000000001
-3255,-35.2045
-3245,-35.28625
-3235,-35.36125
-3225,-35.327625
-3215,-35.205124999999995
-3205,-35.11425
-3195,-35.04925
-3185,-35.087374999999994
-3175,-35.209875
-3165,-35.163250000000005
-3155,-34.97825
-3145,-34.89637499999999
-3135,-34.898875
-3125,-34.96875
-3115,-35.09375
-3105,-35.096374999999995
-3095,-34.998875000000005
-3085,-34.945375
-3075,-34.92787499999999
-3065,-34.957125
-3055,-35.024625
-3045,-35.050875
-3035,-35.04337499999999
-3025,-35.040000000000006
-3015,-35.040000000000006
-3005,-35.110125
-2995,-35.237625
-2985,-35.246875
-2975,-35.159375000000004
-2965,-35.0375
-2955,-34.8875
-2945,-34.82275
-2935,-34.827749999999995
-2925,-34.765375
-2915,-34.647875
-2905,-34.595000000000006
-2895,-34.595000000000006
-2885,-34.6775
-2875,-34.8275
-2865,-34.94862499999999
-2855,-35.046125
-2845,-35.160125
-2835,-35.287625
-2825,-35.266625000000005
-2815,-35.124125
-2805,-34.981625
-2795,-34.83912500000001
-2785,-34.8245
-2775,-34.914500000000004
-2765,-34.953625
-2755,-34.951125000000005
-2745,-34.928000000000004
-2735,-34.888
-2725,-34.896125000000005
-2715,-34.943625000000004
-2705,-35.004875000000006
-2695,-35.077375
-2685,-35.14025
-2675,-35.19525
-2665,-35.262625
-2655,-35.34012499999999
-2645,-35.350249999999996
-2635,-35.305249999999994
-2625,-35.245124999999994
-2615,-35.172625
-2605,-35.177125000000004
-2595,-35.244625
-2585,-35.263999999999996
-2575,-35.244
-2565,-35.23775
-2555,-35.24275
-2545,-35.21475
-2535,-35.15975
-2525,-35.108875000000005
-2515,-35.06137500000001
-2505,-35.038625
-2495,-35.03612499999999
-2485,-35.09962499999999
-2475,-35.217124999999996
-2465,-35.359375
-2455,-35.521875
-2445,-35.618375
-2435,-35.660875000000004
-2425,-35.658
-2415,-35.61800000000001
-2405,-35.45975
-2395,-35.204750000000004
-2385,-35.002
-2375,-34.842
-2365,-34.74525
-2355,-34.70025
-2345,-34.8395
-2335,-35.12950000000001
-2325,-35.236625
-2315,-35.194125
-2305,-35.13099999999999
-2295,-35.051
-2285,-35.01775
-2275,-35.022749999999995
-2265,-35.007125
-2255,-34.97462499999999
-2245,-34.885749999999994
-2235,-34.75075
-2225,-34.694125
-2215,-34.701625
-2205,-34.799875
-2195,-34.972375
-2185,-35.0995
-2175,-35.189499999999995
-2165,-35.29875
-2155,-35.42375
-2145,-35.599625
-2135,-35.817125
-2125,-35.83525
-2115,-35.69024999999999
-2105,-35.541125
-2095,-35.388625
-2085,-35.304875
-2075,-35.27737499999999
-2065,-35.186625
-2055,-35.044125
-2045,-34.963499999999996
-2035,-34.933499999999995
-2025,-34.98325
-2015,-35.09825
-2005,-35.205000000000005
-1995,-35.30499999999999
-1985,-35.284000000000006
-1975,-35.16400000000001
-1965,-35.138875
-1955,-35.19137500000001
-1945,-35.21362499999999
-1935,-35.211124999999996
-1925,-35.126125
-1915,-34.973625
-1905,-34.812875
-1895,-34.645375
-1885,-34.6195
-1875,-34.7095
-1865,-34.75825
-1855,-34.773250000000004
-1845,-34.824
-1835,-34.903999999999996
-1825,-35.015625
-1815,-35.153125
-1805,-35.21225
-1795,-35.20725
-1785,-35.26412499999999
-1775,-35.37162500000001
-1765,-35.429625
-1755,-35.44712500000001
-1745,-35.51412499999999
-1735,-35.62162500000001
-1725,-35.685125
-1715,-35.71262499999999
-1705,-35.591624999999986
-1695,-35.349124999999994
-1685,-35.274375
-1675,-35.336875
-1665,-35.41175
-1655,-35.49675
-1645,-35.492374999999996
-1635,-35.414875
-1625,-35.461124999999996
-1615,-35.608625
-1605,-35.725874999999995
-1595,-35.818374999999996
-1585,-35.667500000000004
-1575,-35.3175
-1565,-34.967499999999994
-1555,-34.61749999999999
-1545,-34.636
-1535,-34.956
-1525,-35.223749999999995
-1515,-35.44875
-1505,-35.5005
-1495,-35.410500000000006
-1485,-35.434625000000004
-1475,-35.552125000000004
-1465,-35.598124999999996
-1455,-35.585625
-1445,-35.511250000000004
-1435,-35.386250000000004
-1425,-35.325187500000006
-1415,-35.3164375
-1405,-35.30768749999999
-1395,-35.2989375
-1385,-35.2901875
-1375,-35.281437499999996
-1365,-35.2726875
-1355,-35.2639375
-1345,-35.284749999999995
-1335,-35.32975
-1325,-35.271625
-1315,-35.129124999999995
-1305,-35.02375
-1295,-34.948750000000004
-1285,-34.99475000000001
-1275,-35.13975
-1265,-35.23112499999999
-1255,-35.278625
-1245,-35.30825
-1235,-35.323249999999994
-1225,-35.305249999999994
-1215,-35.26025
-1205,-35.23174999999999
-1195,-35.21675
-1185,-35.241625
-1175,-35.299125
-1165,-35.334625
-1155,-35.352125
-1145,-35.369625
-1135,-35.387125
-1125,-35.451375000000006
-1115,-35.553875000000005
-1105,-35.58625
-1095,-35.56125
-1085,-35.54725
-1075,-35.54225
-1065,-35.54825
-1055,-35.56325
-1045,-35.466874999999995
-1035,-35.279374999999995
-1025,-35.13862499999999
-1015,-35.03612499999999
-1005,-34.9955
-995,-35.0055
-985,-35.043000000000006
-975,-35.103
-965,-35.12175
-955,-35.10675
-945,-35.1935
-935,-35.363499999999995
-925,-35.529375
-915,-35.691874999999996
-905,-35.700374999999994
-895,-35.582875
-885,-35.46537500000001
-875,-35.347875
-865,-35.31425
-855,-35.34925
-845,-35.39525
-835,-35.450250000000004
-825,-35.479124999999996
-815,-35.486625
-805,-35.487249999999996
-795,-35.48225
-785,-35.50475
-775,-35.54975
-765,-35.54387499999999
-755,-35.49637499999999
-745,-35.419999999999995
-735,-35.32000000000001
-725,-35.345125
-715,-35.472625
-705,-35.54237499999999
-695,-35.56487500000001
-685,-35.511750000000006
-675,-35.396750000000004
-665,-35.28725
-655,-35.182249999999996
-645,-35.304125000000006
-635,-35.611625000000004
-625,-35.774750000000004
-615,-35.819750000000006
-605,-35.624125
-595,-35.231625
-585,-35.094875
-575,-35.167375
-565,-35.22475
-555,-35.26975
-545,-35.213
-535,-35.073
-525,-35.022375
-515,-35.04487499999999
-505,-35.177375
-495,-35.399875
-485,-35.49175
-475,-35.476749999999996
-465,-35.34075
-455,-35.10574999999999
-445,-35.1045
-435,-35.2945
-425,-35.473499999999994
-415,-35.6435
-405,-35.61
-395,-35.410000000000004
-385,-35.33512499999999
-375,-35.362625
-365,-35.419
-355,-35.499
-345,-35.48137499999999
-335,-35.383875
-325,-35.44862500000001
-315,-35.646125
-305,-35.74325
-295,-35.75825
-285,-35.752624999999995
-275,-35.730125
-265,-35.715875
-255,-35.708375
-245,-35.673375
-235,-35.615875
-225,-35.649125
-215,-35.756625
-205,-35.708749999999995
