time,GISP2seierstad14d18O_decavg_d18O
-7945,-34.3995
-7935,-34.3895
-7925,-34.39325
-7915,-34.40825
-7905,-34.49475000000001
-7895,-34.63975
-7885,-34.69949999999999
-7875,-34.6895
-7865,-34.619
-7855,-34.499
-7845,-34.43125
-7835,-34.40625000000001
-7825,-34.382625
-7815,-34.360125
-7805,-34.238625
-7795,-34.036125000000006
-7785,-33.9945
-7775,-34.0845
-7765,-34.245999999999995
-7755,-34.466
-7745,-34.522375
-7735,-34.444875
-7725,-34.353624999999994
-7715,-34.251125
-7705,-34.221500000000006
-7695,-34.25150000000001
-7685,-34.298
-7675,-34.358
-7665,-34.29837500000001
-7655,-34.140875
-7645,-34.169
-7635,-34.349000000000004
-7625,-34.5455
-7615,-34.7555
-7605,-34.73587499999999
-7595,-34.528375
-7585,-34.407500000000006
-7575,-34.3575
-7565,-34.387249999999995
-7555,-34.48225000000001
-7545,-34.508500000000005
-7535,-34.478500000000004
-7525,-34.52
-7515,-34.61999999999999
-7505,-34.781875
-7495,-34.994375000000005
-7485,-35.116125
-7475,-35.163624999999996
-7465,-35.076375
-7455,-34.878875
-7445,-34.730875000000005
-7435,-34.623374999999996
-7425,-34.53925
-7415,-34.474250000000005
-7405,-34.429875
-7395,-34.40237499999999
-7385,-34.412000000000006
-7375,-34.452
-7365,-34.522249999999985
-7355,-34.61725
-7345,-34.642125
-7335,-34.609625
-7325,-34.541374999999995
-7315,-34.443875000000006
-7305,-34.44125000000001
-7295,-34.51625
-7285,-34.57475
-7275,-34.619749999999996
-7265,-34.69225
-7255,-34.78725000000001
-7245,-34.831374999999994
-7235,-34.83387499999999
-7225,-34.894124999999995
-7215,-35.001625000000004
-7205,-35.067875
-7195,-35.100375
-7185,-35.050375
-7175,-34.932875
-7165,-34.8305
-7155,-34.74050000000001
-7145,-34.742625
-7135,-34.820125000000004
-7125,-34.8935
-7115,-34.9635
-7105,-34.901500000000006
-7095,-34.7315
-7085,-34.65362499999999
-7075,-34.65112499999999
-7065,-34.7215
-7055,-34.8515
-7045,-34.964999999999996
-7035,-35.065
-7025,-35.094875
-7015,-35.067375
-7005,-34.905125
-6995,-34.632625
-6985,-34.537499999999994
-6975,-34.5875
-6965,-34.587999999999994
-6955,-34.548
-6945,-34.561625
-6935,-34.61912499999999
-6925,-34.68762499999999
-6915,-34.765125
-6905,-34.63912499999999
-6895,-34.346625
-6885,-34.210875
-6875,-34.203375
-6865,-34.300374999999995
-6855,-34.482875
-6845,-34.481125
-6835,-34.328624999999995
-6825,-34.1445
-6815,-33.9345
-6805,-33.912875
-6795,-34.04537500000001
-6785,-34.13937500000001
-6775,-34.20187500000001
-6765,-34.192875
-6755,-34.125375000000005
-6745,-34.16375000000001
-6735,-34.28875000000001
-6725,-34.486625
-6715,-34.744125
-6705,-34.851749999999996
-6695,-34.836749999999995
-6685,-34.831374999999994
-6675,-34.83387499999999
-6665,-34.797875000000005
-6655,-34.730375
-6645,-34.66287500000001
-6635,-34.595375
-6625,-34.675
-6615,-34.87500000000001
-6605,-34.991125
-6595,-35.038624999999996
-6585,-34.9555
-6575,-34.765499999999996
-6565,-34.722624999999994
-6555,-34.800124999999994
-6545,-34.924375
-6535,-35.086875
-6525,-35.0555
-6515,-34.865500000000004
-6505,-34.77175
-6495,-34.75675
-6485,-34.789874999999995
-6475,-34.86237499999999
-6465,-34.83725
-6455,-34.73225
-6445,-34.711125
-6435,-34.758625
-6425,-34.8515
-6415,-34.9815
-6405,-35.0565
-6395,-35.0865
-6385,-34.9185
-6375,-34.5885
-6365,-34.52524999999999
-6355,-34.680249999999994
-6345,-34.75962500000001
-6335,-34.777125
-6325,-34.73275000000001
-6315,-34.63775
-6305,-34.575750000000006
-6295,-34.54074999999999
-6285,-34.6075
-6275,-34.75750000000001
-6265,-34.936375000000005
-6255,-35.138875
-6245,-35.18875
-6235,-35.113749999999996
-6225,-35.062124999999995
-6215,-35.029624999999996
-6205,-34.991625
-6195,-34.949125
-6185,-34.86812499999999
-6175,-34.755624999999995
-6165,-34.656875
-6155,-34.569375
-6145,-34.509375
-6135,-34.471875
-6125,-34.46325
-6115,-34.47825
-6105,-34.58125
-6095,-34.75625
-6085,-34.972500000000004
-6075,-35.222500000000004
-6065,-35.2635
-6055,-35.133500000000005
-6045,-34.96775000000001
-6035,-34.77275
-6025,-34.77025
-6015,-34.92525
-6005,-34.935874999999996
-5995,-34.82837500000001
-5985,-34.686499999999995
-5975,-34.5165
-5965,-34.512874999999994
-5955,-34.645375
-5945,-34.68300000000001
-5935,-34.643
-5925,-34.585125000000005
-5915,-34.512625
-5905,-34.57075
-5895,-34.735749999999996
-5885,-34.79075
-5875,-34.75574999999999
-5865,-34.6905
-5855,-34.600500000000004
-5845,-34.54075
-5835,-34.505750000000006
-5825,-34.573875
-5815,-34.726375000000004
-5805,-34.848625
-5795,-34.94612499999999
-5785,-34.908874999999995
-5775,-34.761374999999994
-5765,-34.689499999999995
-5755,-34.6795
-5745,-34.662625
-5735,-34.640125
-5725,-34.70974999999999
-5715,-34.85474999999999
-5705,-34.87737500000001
-5695,-34.799875
-5685,-34.72925
-5675,-34.66425
-5665,-34.635
-5655,-34.635
-5645,-34.600625
-5635,-34.538125
-5625,-34.567750000000004
-5615,-34.67274999999999
-5605,-34.7145
-5595,-34.7045
-5585,-34.66975
-5575,-34.61475
-5565,-34.579
-5555,-34.559000000000005
-5545,-34.55825
-5535,-34.573249999999994
-5525,-34.57449999999999
-5515,-34.5645
-5505,-34.558625
-5495,-34.556125
-5485,-34.5385
-5475,-34.5085
-5465,-34.507375
-5455,-34.529875
-5445,-34.61975000000001
-5435,-34.76475
-5425,-34.80800000000001
-5415,-34.768
-5405,-34.75825
-5395,-34.773250000000004
-5385,-34.91337500000001
-5375,-35.155875
-5365,-35.31175
-5355,-35.396750000000004
-5345,-35.315375
-5335,-35.09787499999999
-5325,-34.968375
-5315,-34.910875
-5305,-34.911125
-5295,-34.958625000000005
-5285,-34.984125
-5275,-34.991625
-5265,-35.048625
-5255,-35.146125000000005
-5245,-34.9755
-5235,-34.5855
-5225,-34.498
-5215,-34.658
-5205,-34.72724999999999
-5195,-34.722249999999995
-5185,-34.653999999999996
-5175,-34.534000000000006
-5165,-34.436
-5155,-34.356
-5145,-34.354375
-5135,-34.416875
-5125,-34.46287500000001
-5115,-34.495375
-5105,-34.497625
-5095,-34.475125000000006
-5085,-34.586000000000006
-5075,-34.806
-5065,-34.911874999999995
-5055,-34.924375
-5045,-34.833749999999995
-5035,-34.658750000000005
-5025,-34.57999999999999
-5015,-34.57999999999999
-5005,-34.62949999999999
-4995,-34.719500000000004
-4985,-34.74900000000001
-4975,-34.729
-4965,-34.742
-4955,-34.782
-4945,-34.724374999999995
-4935,-34.586875
-4925,-34.52225
-4915,-34.517250000000004
-4905,-34.52187500000001
-4895,-34.534375000000004
-4885,-34.51937500000001
-4875,-34.481875
-4865,-34.460875
-4855,-34.453375
-4845,-34.46512500000001
-4835,-34.492625000000004
-4825,-34.604
-4815,-34.784000000000006
-4805,-34.871875
-4795,-34.884375
-4785,-34.94775
-4775,-35.052749999999996
-4765,-35.15775
-4755,-35.26275
-4745,-35.308625
-4735,-35.306125
-4725,-35.251375
-4715,-35.153875
-4705,-35.037124999999996
-4695,-34.904624999999996
-4685,-34.807875
-4675,-34.740375
-4665,-34.813125
-4655,-35.000625
-4645,-35.25275
-4635,-35.55775
-4625,-35.58775
-4615,-35.39275
-4605,-35.251375
-4595,-35.153875
-4585,-35.077
-4575,-35.016999999999996
-4565,-34.88137499999999
-4555,-34.68387499999999
-4545,-34.688500000000005
-4535,-34.8585
-4525,-34.91575
-4515,-34.88074999999999
-4505,-34.829249999999995
-4495,-34.76425
-4485,-34.785875000000004
-4475,-34.878375
-4465,-35.04925000000001
-4455,-35.28425
-4445,-35.286874999999995
-4435,-35.099374999999995
-4425,-34.977875000000004
-4415,-34.910375
-4405,-34.86625
-4395,-34.84125000000001
-4385,-34.852000000000004
-4375,-34.891999999999996
-4365,-34.9925
-4355,-35.1425
-4345,-35.23475
-4335,-35.27975
-4325,-35.245
-4315,-35.145
-4305,-34.996875
-4295,-34.809375
-4285,-34.714
-4275,-34.694
-4265,-34.612125000000006
-4255,-34.479625
-4245,-34.468125
-4235,-34.555625
-4225,-34.681625000000004
-4215,-34.839125
-4205,-34.864625000000004
-4195,-34.782125
-4185,-34.73125
-4175,-34.70625
-4165,-34.652375000000006
-4155,-34.574875
-4145,-34.599125
-4135,-34.706624999999995
-4125,-34.757749999999994
-4115,-34.76275
-4105,-34.606874999999995
-4095,-34.31937500000001
-4085,-34.2615
-4075,-34.39149999999999
-4065,-34.53387500000001
-4055,-34.686375
-4045,-34.71925
-4035,-34.654250000000005
-4025,-34.726749999999996
-4015,-34.91175
-4005,-34.923500000000004
-3995,-34.79350000000001
-3985,-34.626374999999996
-3975,-34.428875
-3965,-34.428000000000004
-3955,-34.588
-3945,-34.741125
-3935,-34.888625
-3925,-35.00175
-3915,-35.08675
-3905,-35.0315
-3895,-34.86149999999999
-3885,-34.818
-3875,-34.878
-3865,-34.9545
-3855,-35.0445
-3845,-35.064375
-3835,-35.026875000000004
-3825,-34.99625
-3815,-34.971250000000005
-3805,-34.91875
-3795,-34.84375
-3785,-34.79075
-3775,-34.75574999999999
-3765,-34.66987499999999
-3755,-34.54237499999999
-3745,-34.50699999999999
-3735,-34.547
-3725,-34.65024999999999
-3715,-34.805249999999994
-3705,-34.89425
-3695,-34.92925
-3685,-34.888625000000005
-3675,-34.786125
-3665,-34.719375
-3655,-34.681875000000005
-3645,-34.671875
-3635,-34.684375
-3625,-34.633624999999995
-3615,-34.531124999999996
-3605,-34.469875
-3595,-34.442375
-3585,-34.453375
-3575,-34.495875
-3565,-34.58925000000001
-3555,-34.72425
-3545,-34.8455
-3535,-34.955499999999994
-3525,-34.95825
-3515,-34.87325
-3505,-34.693375
-3495,-34.43587500000001
-3485,-34.296625
-3475,-34.254125
-3465,-34.335375000000006
-3455,-34.517875
-3445,-34.608250000000005
-3435,-34.623250000000006
-3425,-34.675374999999995
-3415,-34.757875
-3405,-34.840375
-3395,-34.922875
-3385,-34.997125
-3375,-35.06462499999999
-3365,-35.079874999999994
-3355,-35.052375000000005
-3345,-34.958875
-3335,-34.811375
-3325,-34.673500000000004
-3315,-34.54350000000001
-3305,-34.403875
-3295,-34.256375
-3285,-34.20649999999999
-3275,-34.2365
-3265,-34.32425
-3255,-34.459250000000004
-3245,-34.52275000000001
-3235,-34.527750000000005
-3225,-34.525875
-3215,-34.518375
-3205,-34.552125000000004
-3195,-34.619625
-3185,-34.65
-3175,-34.65
-3165,-34.559250000000006
-3155,-34.39425000000001
-3145,-34.397000000000006
-3135,-34.53699999999999
-3125,-34.70449999999999
-3115,-34.894499999999994
-3105,-34.879625000000004
-3095,-34.69712500000001
-3085,-34.59712499999999
-3075,-34.564625
-3065,-34.614625
-3055,-34.732124999999996
-3045,-34.78224999999999
-3035,-34.777249999999995
-3025,-34.781875
-3015,-34.794374999999995
-3005,-34.876999999999995
-2995,-35.016999999999996
-2985,-35.09925
-2975,-35.134249999999994
-2965,-35.073
-2955,-34.93299999999999
-2945,-34.804
-2935,-34.684
-2925,-34.58325
-2915,-34.49825
-2905,-34.532875000000004
-2895,-34.665375
-2885,-34.73875000000001
-2875,-34.76375
-2865,-34.69800000000001
-2855,-34.55800000000001
-2845,-34.539
-2835,-34.61900000000001
-2825,-34.674249999999994
-2815,-34.70925000000001
-2805,-34.72775
-2795,-34.732749999999996
-2785,-34.802375
-2775,-34.924875
-2765,-35.017125
-2755,-35.084625
-2745,-34.985749999999996
-2735,-34.75075
-2725,-34.559749999999994
-2715,-34.40474999999999
-2705,-34.45049999999999
-2695,-34.66049999999999
-2685,-34.849875
-2675,-35.022375
-2665,-35.049125000000004
-2655,-34.95662500000001
-2645,-34.8985
-2635,-34.8685
-2625,-34.872875
-2615,-34.90537500000001
-2605,-34.913124999999994
-2595,-34.900625000000005
-2585,-34.864749999999994
-2575,-34.809749999999994
-2565,-34.72449999999999
-2555,-34.6145
-2545,-34.543
-2535,-34.503
-2525,-34.571625
-2515,-34.729124999999996
-2505,-34.798625
-2495,-34.796125
-2485,-34.810125
-2475,-34.83762499999999
-2465,-34.921499999999995
-2455,-35.05149999999999
-2445,-35.072874999999996
-2435,-35.005375
-2425,-34.94612500000001
-2415,-34.893625
-2405,-34.788875000000004
-2395,-34.641375
-2385,-34.46775000000001
-2375,-34.27275
-2365,-34.12587499999999
-2355,-34.018375000000006
-2345,-34.223
-2335,-34.683
-2325,-34.826750000000004
-2315,-34.71175
-2305,-34.710874999999994
-2295,-34.803375
-2285,-34.928875
-2275,-35.081374999999994
-2265,-35.07024999999999
-2255,-34.92525
-2245,-34.75825
-2235,-34.573249999999994
-2225,-34.499624999999995
-2215,-34.51712499999999
-2205,-34.580000000000005
-2195,-34.67999999999999
-2185,-34.737375
-2175,-34.75987500000001
-2165,-34.826375000000006
-2155,-34.928875000000005
-2145,-34.987375
-2135,-35.009875
-2125,-34.89074999999999
-2115,-34.65575
-2105,-34.48125
-2095,-34.35625
-2085,-34.279375
-2075,-34.24187500000001
-2065,-34.240125000000006
-2055,-34.267624999999995
-2045,-34.363875
-2035,-34.516375
-2025,-34.62762500000001
-2015,-34.705125
-2005,-34.77025
-1995,-34.825250000000004
-1985,-34.775749999999995
-1975,-34.64075
-1965,-34.595125
-1955,-34.622625
-1945,-34.6845
-1935,-34.774499999999996
-1925,-34.819125
-1915,-34.826625
-1905,-34.744749999999996
-1895,-34.589749999999995
-1885,-34.553
-1875,-34.613
-1865,-34.660624999999996
-1855,-34.698125000000005
-1845,-34.71362499999999
-1835,-34.711124999999996
-1825,-34.774625
-1815,-34.89212500000001
-1805,-35.002750000000006
-1795,-35.107749999999996
-1785,-35.148125
-1775,-35.13562499999999
-1765,-35.12587499999999
-1755,-35.118375
-1745,-35.0985
-1735,-35.06850000000001
-1725,-35.01650000000001
-1715,-34.9465
-1705,-34.833875
-1695,-34.686375000000005
-1685,-34.56637500000001
-1675,-34.468875
-1665,-34.50062499999999
-1655,-34.63812500000001
-1645,-34.72200000000001
-1635,-34.762
-1625,-34.797875
-1615,-34.830375
-1605,-34.849125
-1595,-34.856625
-1585,-34.748625
-1575,-34.546125
-1565,-34.343624999999996
-1555,-34.141125
-1545,-34.158624999999994
-1535,-34.356125
-1525,-34.51649999999999
-1515,-34.646499999999996
-1505,-34.722875
-1495,-34.755375
-1485,-34.818125
-1475,-34.905625
-1465,-34.900999999999996
-1455,-34.82099999999999
-1445,-34.747875
-1435,-34.680375
-1425,-34.66375
-1415,-34.68875
-1405,-34.71375
-1395,-34.73875000000001
-1385,-34.763749999999995
-1375,-34.78875000000001
-1365,-34.81375
-1355,-34.83875
-1345,-34.873374999999996
-1335,-34.91587500000001
-1325,-34.970749999999995
-1315,-35.03574999999999
-1305,-35.099374999999995
-1295,-35.161874999999995
-1285,-35.1845
-1275,-35.1745
-1265,-35.185125000000006
-1255,-35.212625
-1245,-35.176874999999995
-1235,-35.089375
-1225,-35.007375
-1215,-34.929874999999996
-1205,-34.933499999999995
-1195,-35.00349999999999
-1185,-35.04187499999999
-1175,-35.05437500000001
-1165,-35.094375
-1155,-35.156875
-1145,-35.183625
-1135,-35.181125
-1125,-35.217125
-1115,-35.284625
-1105,-35.336999999999996
-1095,-35.376999999999995
-1085,-35.322125
-1075,-35.189625
-1065,-35.095625000000005
-1055,-35.033125000000005
-1045,-34.904624999999996
-1035,-34.722125
-1025,-34.605624999999996
-1015,-34.543124999999996
-1005,-34.520500000000006
-995,-34.530499999999996
-985,-34.506125
-975,-34.453625
-965,-34.48225000000001
-955,-34.57724999999999
-945,-34.695625
-935,-34.833124999999995
-925,-34.95825
-915,-35.07325
-905,-35.097500000000004
-895,-35.0475
-885,-34.98925
-875,-34.92425
-865,-34.87849999999999
-855,-34.8485
-845,-34.759375000000006
-835,-34.621875
-825,-34.616375000000005
-815,-34.718875000000004
-805,-34.895624999999995
-795,-35.133125
-785,-35.23175
-775,-35.21675
-765,-35.123374999999996
-755,-34.965875
-745,-34.9005
-735,-34.9105
-725,-34.949374999999996
-715,-35.011874999999996
-705,-35.016625
-695,-34.974125
-685,-34.975624999999994
-675,-35.013125
-665,-35.0025
-655,-34.9525
-645,-34.9685
-635,-35.0385
-625,-35.147000000000006
-615,-35.28699999999999
-605,-35.326625
-595,-35.284125
-585,-35.21962499999999
-575,-35.13712499999999
-565,-35.03949999999999
-555,-34.9295
-545,-34.87175
-535,-34.85674999999999
-525,-34.867875
-515,-34.900375000000004
-505,-34.95075
-495,-35.01575
-485,-35.089
-475,-35.169
-465,-35.184375
-455,-35.14687500000001
-445,-35.1135
-435,-35.0835
-425,-35.04112500000001
-415,-34.988625
-405,-35.026875000000004
-395,-35.139375
-385,-35.21475
-375,-35.25975
-365,-35.20575
-355,-35.07075
-345,-35.051249999999996
-335,-35.126250000000006
-325,-35.175125
-315,-35.202625
-305,-35.1325
-295,-34.9825
-285,-34.95625
-275,-35.03125
-265,-35.13925
-255,-35.27424999999999
-245,-35.31712499999999
-235,-35.28462499999999
-225,-35.292
-215,-35.332
-205,-35.315625
