,time,seierstad14ngrip1d18o1kyrfir
0,-8045,-0.011953769868124436
1,-8035,-0.1538413681368728
2,-8025,-0.23168313902727306
3,-8015,-0.22284967699770847
4,-8005,-0.1497809073026454
5,-7995,0.0017878275214443518
6,-7985,0.12424710195688796
7,-7975,0.211162423322491
8,-7965,0.3445023969109563
9,-7955,0.5345440479557553
10,-7945,0.545896812901474
11,-7935,0.3387367555363607
12,-7925,0.08796691628363967
13,-7915,-0.21612732365758447
14,-7905,-0.35102372330200327
15,-7895,-0.2791707165022745
16,-7885,-0.2655073576472089
17,-7875,-0.3230965853225835
18,-7865,-0.3701233807001302
19,-7855,-0.4043204357019507
20,-7845,-0.3603298155166036
21,-7835,-0.22087434274241932
22,-7825,-0.11583775711019542
23,-7815,-0.05306002857989661
24,-7805,0.05178236324469013
25,-7795,0.20793505998074086
26,-7785,0.31723506542646374
27,-7775,0.3691570417729272
28,-7765,0.33036600217443657
29,-7755,0.180601252330503
30,-7745,0.028034358792824773
31,-7735,-0.12809978725041532
32,-7725,-0.18461982367356947
33,-7715,-0.11950874730386432
34,-7705,-0.027965998325998512
35,-7695,0.09572003116711802
36,-7685,0.1017465637428917
37,-7675,-0.0362354747269123
38,-7665,-0.08252059137258407
39,-7655,-0.016875232517022
40,-7645,0.10561056359114636
41,-7635,0.2973695660948385
42,-7625,0.3072522675130567
43,-7615,0.09471471190023123
44,-7605,-0.031849781718725094
45,-7595,-0.05347828381466799
46,-7585,0.027791229410393192
47,-7575,0.2346275185937908
48,-7565,0.29439131405507857
49,-7555,0.17427655702109243
50,-7545,0.08264041171741685
51,-7535,0.025667834234917114
52,-7525,-0.060239395401598284
53,-7515,-0.181659936709484
54,-7505,-0.2938617967897785
55,-7495,-0.39489045011179824
56,-7485,-0.41577916850357266
57,-7475,-0.33881114626052533
58,-7465,-0.19071373875651054
59,-7455,0.044157891847667996
60,-7445,0.2149288209260421
61,-7435,0.30729477181792136
62,-7425,0.29274277216218436
63,-7415,0.14750329887243807
64,-7405,0.05186881714190718
65,-7395,0.01676226290282999
66,-7385,-0.0036661659128059826
67,-7375,-0.0062756076032319166
68,-7365,0.03149683878024259
69,-7355,0.1186009268641248
70,-7345,0.14927061486239074
71,-7335,0.11100918646708262
72,-7325,0.056909967714972864
73,-7315,-0.016602843199147455
74,-7305,-0.05204528737833169
75,-7295,-0.040986130683407396
76,-7285,-0.07066306636659442
77,-7275,-0.1501795680830696
78,-7265,-0.20301311430857563
79,-7255,-0.2232147974552371
80,-7245,-0.13351496897386356
81,-7235,0.09058990979489943
82,-7225,0.21302431832934382
83,-7215,0.21122045951517043
84,-7205,0.12119618078174699
85,-7195,-0.07653068135317909
86,-7185,-0.16207911670836045
87,-7175,-0.11052961424296501
88,-7165,-0.059471179208071726
89,-7155,-0.008925457774980241
90,-7145,-0.04774920377614759
91,-7135,-0.19560868700439912
92,-7125,-0.23338798799554572
93,-7115,-0.13668400931704128
94,-7105,-0.04823726349728892
95,-7095,0.030125939745997102
96,-7085,0.006690129413734032
97,-7075,-0.14097872517647347
98,-7065,-0.15842747269100615
99,-7055,-0.016661621977105648
100,-7045,0.08089041948430434
101,-7035,0.12441498697008263
102,-7025,0.09101860994328764
103,-7015,-0.036280252091513226
104,-7005,-0.11322825986272454
105,-6995,-0.12853492954529164
106,-6985,-0.09006859759401062
107,-6975,0.014206067328236108
108,-6965,0.08003548435483686
109,-6955,0.09891395242306475
110,-6945,0.0355332438410643
111,-6935,-0.12840237919433728
112,-6925,-0.1676225429144069
113,-6915,-0.05435048727243513
114,-6905,0.09480524475842061
115,-6895,0.2878880797222621
116,-6885,0.31213912101991315
117,-6875,0.13004304102127934
118,-6865,0.0008456758325676439
119,-6855,-0.06378692934254311
120,-6845,-0.07342061124741432
121,-6835,-0.015732958549206887
122,-6825,0.03624273464780464
123,-6815,0.08140943931047645
124,-6805,0.14930920563955843
125,-6795,0.244901275045233
126,-6785,0.25851121217164114
127,-6775,0.17188681418570131
128,-6765,0.032557068656205806
129,-6755,-0.17124842927865158
130,-6745,-0.27240279019448266
131,-6735,-0.24817613249488596
132,-6725,-0.16860024248087654
133,-6715,-0.0214290695179028
134,-6705,0.06849452368052514
135,-6695,0.08849260507436776
136,-6685,0.11554581974940085
137,-6675,0.1512029296600152
138,-6665,0.14217845353377997
139,-6655,0.07845080230376594
140,-6645,0.02065285605412291
141,-6635,-0.029917952089997674
142,-6625,-0.043026382308538336
143,-6615,-0.010523462576923263
144,-6605,0.030032631083251448
145,-6595,0.08036265788003324
146,-6585,0.1263930131686598
147,-6575,0.167221696063458
148,-6565,0.12168816491982637
149,-6555,-0.029517168287262086
150,-6545,-0.17040055771119447
151,-6535,-0.29870451216484734
152,-6525,-0.37165865988769553
153,-6515,-0.37694389141457607
154,-6505,-0.3290553911182664
155,-6495,-0.21626844993291847
156,-6485,-0.0953838591159625
157,-6475,0.0353361448491441
158,-6465,0.13237262285218454
159,-6455,0.18824626830736074
160,-6445,0.16772469631950615
161,-6435,0.053754836359419834
162,-6425,0.0209672300219729
163,-6415,0.08732150810560016
164,-6405,0.165006821087502
165,-6395,0.2565545570393194
166,-6385,0.29076756274223603
167,-6375,0.25489472670547314
168,-6365,0.19536565025628494
169,-6355,0.10688110068017284
170,-6345,-0.01088748312162971
171,-6335,-0.16441477486059275
172,-6325,-0.20313615244660316
173,-6315,-0.10152038591675852
174,-6305,-0.009002344816164378
175,-6295,0.0723359185469749
176,-6285,0.051121166156820816
177,-6275,-0.09537367150138729
178,-6265,-0.1552404738763204
179,-6255,-0.10921229513980041
180,-6245,-0.07463944803861756
181,-6235,-0.054069861628798996
182,-6225,-0.06636081927565352
183,-6215,-0.11873746985438352
184,-6205,-0.08460110894923067
185,-6195,0.055276196993367145
186,-6185,0.10040132481293723
187,-6175,0.02976975746092695
188,-6165,-0.043272715010437494
189,-6155,-0.11918831361724053
190,-6145,-0.10741655182405029
191,-6135,0.011574907805855336
192,-6125,0.13376952350291185
193,-6115,0.2599131555588761
194,-6105,0.2969422760664454
195,-6095,0.2250564305463818
196,-6085,0.09784182589827074
197,-6075,-0.0969498146186436
198,-6065,-0.1546021595883767
199,-6055,-0.04458350256852825
200,-6045,-0.020255733764273948
201,-6035,-0.10058845651213638
202,-6025,-0.20241093665430138
203,-6015,-0.3304934813979552
204,-6005,-0.3202365556424095
205,-5995,-0.1408948202168115
206,-5985,-0.07087043890717462
207,-5975,-0.13437951853057534
208,-5965,-0.17881779523658406
209,-5955,-0.1999342863484553
210,-5945,-0.178286593823901
211,-5935,-0.10437617310081679
212,-5925,-0.07099746072719891
213,-5915,-0.0870869544506479
214,-5905,-0.08290103108859073
215,-5895,-0.053968304498709596
216,-5885,0.04134540615346005
217,-5875,0.2177539798740251
218,-5865,0.3885173373187367
219,-5855,0.5524453027810833
220,-5845,0.5847286068832516
221,-5835,0.4561310229499361
222,-5825,0.26458341481058334
223,-5815,-0.003936042644483273
224,-5805,-0.1518166371296395
225,-5795,-0.1522878658790635
226,-5785,-0.09408510657729424
227,-5775,0.03579551122048465
228,-5765,0.12525276351770945
229,-5755,0.16524173313959978
230,-5745,0.16372514843020747
231,-5735,0.11147067623996566
232,-5725,0.06714703823078425
233,-5715,0.032527864919579416
234,-5705,-0.047011643953740356
235,-5695,-0.1814835537428559
236,-5685,-0.23469474439139443
237,-5675,-0.18864999380014597
238,-5665,-0.15476850161459882
239,-5655,-0.13581871358098896
240,-5645,-0.20229037310775463
241,-5635,-0.37323023449790144
242,-5625,-0.32017385294399203
243,-5615,0.006627435130917764
244,-5605,0.18829929005249507
245,-5595,0.19262107649508625
246,-5585,0.09462581064951592
247,-5575,-0.1284326685928141
248,-5565,-0.23550293492006127
249,-5555,-0.20089751049015725
250,-5545,-0.11783113058866627
251,-5535,0.024428640866819673
252,-5525,0.18247502003426352
253,-5515,0.359802441808061
254,-5505,0.40427619801769965
255,-5495,0.2863731028696864
256,-5485,0.20330325358870666
257,-5475,0.16283539935873276
258,-5465,0.1673268849573886
259,-5455,0.2267379328983387
260,-5445,0.21738466169237247
261,-5435,0.12397060750276535
262,-5425,0.034985692514344
263,-5415,-0.048551452223380615
264,-5405,-0.030852513054639846
265,-5395,0.11060737011909733
266,-5385,0.1562841951012288
267,-5375,0.08490877007323784
268,-5365,-0.0022857870497473842
269,-5355,-0.10884426279782881
270,-5345,-0.1514353705973506
271,-5335,-0.11582374271088514
272,-5325,-0.16483420368821752
273,-5315,-0.31722594870454546
274,-5305,-0.3797660878078539
275,-5295,-0.33241827009696023
276,-5285,-0.2660920428100379
277,-5275,-0.1765116543108265
278,-5265,-0.18381910285183953
279,-5255,-0.3095472706624979
280,-5245,-0.32626833567522645
281,-5235,-0.20975897964817358
282,-5225,-0.08669082767770941
283,-5215,0.04444891336170592
284,-5205,0.07752149010352484
285,-5195,-0.009187986322320423
286,-5185,-0.0452877566813733
287,-5175,-0.019508408525228282
288,-5165,0.11199784732382234
289,-5155,0.3727740813782676
290,-5145,0.4680484823366119
291,-5135,0.3610579732869185
292,-5125,0.20225565816396338
293,-5115,-0.019906795801224703
294,-5105,-0.14983560903359563
295,-5095,-0.1669715949291947
296,-5085,-0.16724663460856873
297,-5075,-0.14686263793019416
298,-5065,-0.10617538349613756
299,-5055,-0.04068745462029197
300,-5045,-0.004385642266187997
301,-5035,-0.003814879401157413
302,-5025,9.808234085546125e-05
303,-5015,0.00810075247759802
304,-5005,0.022839621560802957
305,-4995,0.04591877378005793
306,-4985,0.05899057298849689
307,-4975,0.05982645273789121
308,-4965,0.015767108968840288
309,-4955,-0.08324608460047854
310,-4945,-0.05837022863731581
311,-4935,0.11797721147740417
312,-4925,0.25396773329142935
313,-4915,0.34062549715932433
314,-4905,0.3352172166513448
315,-4895,0.21720173761942413
316,-4885,0.1432804451544998
317,-4875,0.12323501409020075
318,-4865,0.08529385968838624
319,-4855,0.02544212660721422
320,-4845,-0.0343059834018256
321,-4835,-0.09390866248385976
322,-4825,-0.08460153427957616
323,-4815,0.008901127722712936
324,-4805,0.05649355851402396
325,-4795,0.04790456344829141
326,-4785,0.016900088001696775
327,-4775,-0.041522618657506866
328,-4765,-0.060429415469529985
329,-4755,-0.031080963882368643
330,-4745,-0.00041960041534095174
331,-4735,0.03183420330383889
332,-4725,0.020271118301567068
333,-4715,-0.0448766672839602
334,-4705,-0.10771786390142987
335,-4695,-0.16773949680247707
336,-4685,-0.15671889020297353
337,-4675,-0.05881367439039385
338,-4665,-0.029386074732406103
339,-4655,-0.08374489082914482
340,-4645,-0.16836467589177828
341,-4635,-0.29003153914766777
342,-4625,-0.3182834053755103
343,-4615,-0.23229268841681006
344,-4605,-0.16536563567466078
345,-4595,-0.12173224577086568
346,-4585,-0.07568021238153941
347,-4575,-0.026721386451641377
348,-4565,0.05614353740676681
349,-4555,0.18044864867755603
350,-4545,0.28463658309717776
351,-4535,0.3641855653786165
352,-4525,0.38070302669714456
353,-4515,0.32013625466596707
354,-4505,0.16946957446689465
355,-4495,-0.09131806346499788
356,-4485,-0.23274813090072882
357,-4475,-0.22829520382034635
358,-4465,-0.2103576033463575
359,-4455,-0.1758714773147227
360,-4445,-0.1514761389093074
361,-4435,-0.13942147758928458
362,-4425,-0.007999041576471827
363,-4415,0.2692532725441253
364,-4405,0.42827534773653
365,-4395,0.44281380932321296
366,-4385,0.3244919410217346
367,-4375,0.043782605131205216
368,-4365,-0.1885225240372614
369,-4355,-0.36164917193743085
370,-4345,-0.4323632608636664
371,-4335,-0.37790993415166074
372,-4325,-0.2649868047871706
373,-4315,-0.08061434990921681
374,-4305,0.046407237836484094
375,-4295,0.10338038929184298
376,-4285,0.1501875722818004
377,-4275,0.18450964274808834
378,-4265,0.19053371042141012
379,-4255,0.16196764462672672
380,-4245,0.0770310711532436
381,-4235,-0.07676234745597887
382,-4225,-0.16987573834820163
383,-4215,-0.1887686356989965
384,-4205,-0.14355401422247743
385,-4195,-0.019960468255874955
386,-4185,0.10695981732566186
387,-4175,0.23787291403639638
388,-4165,0.31353090851582344
389,-4155,0.32166934670491465
390,-4145,0.30272456043099644
391,-4135,0.25066271557777803
392,-4125,0.17363833722269176
393,-4115,0.06611160979466556
394,-4105,-0.00900798414299002
395,-4095,-0.044448307658103356
396,-4085,-0.05635926699055778
397,-4075,-0.03947156335570834
398,-4065,-0.10378133904796752
399,-4055,-0.26735345139931554
400,-4045,-0.3118272947537426
401,-4035,-0.21070065608340083
402,-4025,-0.11761250313984126
403,-4015,-0.03429789331713068
404,-4005,0.048852882643003845
405,-3995,0.1317916997192628
406,-3985,0.18418742059695548
407,-3975,0.19931642621528303
408,-3965,0.14568282939646954
409,-3955,0.008018058038967463
410,-3945,-0.06566502691609166
411,-3935,-0.06115468003509556
412,-3925,-0.0466764763363895
413,-3915,-0.01991861059106923
414,-3905,-0.01010510338117717
415,-3895,-0.0209950743678355
416,-3885,-0.08265126133024041
417,-3875,-0.2063703866270521
418,-3865,-0.2457684825694461
419,-3855,-0.18207389229089982
420,-3845,-0.14993995721901052
421,-3835,-0.15631858295543782
422,-3825,-0.1908987494735472
423,-3815,-0.2599945232992016
424,-3805,-0.25939900825797724
425,-3795,-0.17362032824853563
426,-3785,-0.08334180531922465
427,-3775,0.012476489001356922
428,-3765,0.03520911665741301
429,-3755,-0.03140594546992703
430,-3745,-0.13396994556521033
431,-3735,-0.2804830313159534
432,-3725,-0.29187499995707833
433,-3715,-0.1381599483608971
434,-3705,0.052675285904010494
435,-3695,0.2889104416822854
436,-3685,0.41486495891537234
437,-3675,0.40606357724299175
438,-3665,0.36699156045049286
439,-3655,0.2908986440294653
440,-3645,0.293746134512602
441,-3635,0.39300094025023585
442,-3625,0.4226153722706804
443,-3615,0.36712556567597243
444,-3605,0.2352294559228476
445,-3595,0.009918025745211334
446,-3585,-0.13198378754892226
447,-3575,-0.17201589873935172
448,-3565,-0.1320381117585639
449,-3555,0.005708368362013053
450,-3545,0.11761711784804937
451,-3535,0.19794628881643261
452,-3525,0.15342759553688626
453,-3515,-0.043687356630238317
454,-3505,-0.18884938525378775
455,-3495,-0.2705410163555034
456,-3485,-0.2395396603830593
457,-3475,-0.0708519890059889
458,-3465,0.0022774057632873254
459,-3455,-0.04142143930216094
460,-3445,-0.11423097009375817
461,-3435,-0.22269005224228902
462,-3425,-0.21295482240740116
463,-3415,-0.05875751492204241
464,-3405,0.07064337888475875
465,-3395,0.1697441216420968
466,-3385,0.22606130052257928
467,-3375,0.23007633718399573
468,-3365,0.1631359419513636
469,-3355,0.00953023849656201
470,-3345,-0.11033661184653464
471,-3335,-0.18897168616921198
472,-3325,-0.10441146893891069
473,-3315,0.17957482010048767
474,-3305,0.3464502659415818
475,-3295,0.3702438454076324
476,-3285,0.27692313592796025
477,-3275,0.04050065721777929
478,-3265,-0.12950146347029745
479,-3255,-0.21833862460949027
480,-3245,-0.30044818813734325
481,-3235,-0.37432425796193636
482,-3225,-0.3593694688335081
483,-3215,-0.23581787176942082
484,-3205,-0.13828813806925977
485,-3195,-0.07251974687545942
486,-3185,-0.09125360831691569
487,-3175,-0.21329476426950578
488,-3165,-0.19697321023959727
489,-3155,-0.01145714036962342
490,-3145,0.08963327418508762
491,-3135,0.08756884390148426
492,-3125,0.03038405452938179
493,-3115,-0.09418036527519076
494,-3105,-0.11853229836913491
495,-3095,-0.02032552597083051
496,-3085,0.04194503311998815
497,-3075,0.0602321165907341
498,-3065,0.04022758849246825
499,-3055,-0.026612681090145952
500,-3045,-0.05967160328704088
501,-3035,-0.05142892655306566
502,-3025,-0.04649853911170312
503,-3015,-0.04559491760891772
504,-3005,-0.1020685510493636
505,-2995,-0.2285799581266733
506,-2985,-0.25813822078379306
507,-2975,-0.16923554393664952
508,-2965,-0.05202680269360205
509,-2955,0.09972630298166996
510,-2945,0.18179462281401831
511,-2935,0.17869343687894124
512,-2925,0.23091686273263212
513,-2915,0.35067252883098965
514,-2905,0.41764574839710744
515,-2895,0.420084437554449
516,-2885,0.3550538497648854
517,-2875,0.20760943697098988
518,-2865,0.08391615654774298
519,-2855,-0.010702593680622874
520,-2845,-0.1185477071986912
521,-2835,-0.2426642214116464
522,-2825,-0.24497918613633507
523,-2815,-0.09854570970807106
524,-2805,0.04797375546403723
525,-2795,0.1945845481381483
526,-2785,0.23667613872047297
527,-2775,0.15097241357568064
528,-2765,0.10702747884441711
529,-2755,0.11409376921284514
530,-2745,0.13811077202006702
531,-2735,0.1827598692381917
532,-2725,0.18799691116009254
533,-2715,0.14512291382966924
534,-2705,0.09100832453823166
535,-2695,0.023176783844811616
536,-2685,-0.03666999164336586
537,-2675,-0.08682698659544436
538,-2665,-0.1471211935988094
539,-2655,-0.21983267460729744
540,-2645,-0.2374363189536722
541,-2635,-0.18775733460188443
542,-2625,-0.12585420112968573
543,-2615,-0.04895864259000249
544,-2605,-0.03524277269480653
545,-2595,-0.09869845091012862
546,-2585,-0.12285244984712636
547,-2575,-0.09899401081007461
548,-2565,-0.0865715931463849
549,-2555,-0.08813369782606453
550,-2545,-0.06288002015229394
551,-2535,-0.0047954065397361745
552,-2525,0.04967975414226734
553,-2515,0.0997770876989981
554,-2505,0.1293547387087326
555,-2495,0.1338961892024149
556,-2485,0.08418896658788406
557,-2475,-0.03175711169926018
558,-2465,-0.16818501759742166
559,-2455,-0.32959728974941077
560,-2445,-0.43723528045420534
561,-2435,-0.4791197202394749
562,-2425,-0.48410861307959685
563,-2415,-0.44398454053055403
564,-2405,-0.30730364821713324
565,-2395,-0.052488836280599416
566,-2385,0.15938748670499003
567,-2375,0.31885269342995703
568,-2365,0.3813492020176257
569,-2355,0.32530431087309
570,-2345,0.22846717769205016
571,-2335,0.08184107565707432
572,-2325,-0.0008228340885280284
573,-2315,-0.005207433645275192
574,-2305,0.027424361430980426
575,-2295,0.10531433647534993
576,-2285,0.14481321752832593
577,-2275,0.1373826485219774
578,-2265,0.14673084894248647
579,-2255,0.17668102980171557
580,-2245,0.25284160437421643
581,-2235,0.3855183612527052
582,-2225,0.45415665178285697
583,-2215,0.44447180621082727
584,-2205,0.360487981324093
585,-2195,0.1856632805781887
586,-2185,0.04798495815432957
587,-2175,-0.04423473002921885
588,-2165,-0.15205662946480003
589,-2155,-0.2789132718278686
590,-2145,-0.44722461589303036
591,-2135,-0.6662748775818779
592,-2125,-0.7219549670093743
593,-2115,-0.5780001982637045
594,-2105,-0.43044807019704
595,-2095,-0.2784793588865171
596,-2085,-0.18250460541827646
597,-2075,-0.1550373259843807
598,-2065,-0.07555440726464105
599,-2055,0.0674330235808647
600,-2045,0.15995129959083093
601,-2035,0.19074305538530598
602,-2025,0.15652144210066482
603,-2015,0.04277657452239898
604,-2005,-0.0008740732668610432
605,-1995,0.041134309527174354
606,-1985,0.09239174283032259
607,-1975,0.15485980020234763
608,-1965,0.13080705430767597
609,-1955,0.0009611604113237103
610,-1945,-0.06781272615765138
611,-1935,-0.062038227152524855
612,-1925,0.011472826815425552
613,-1915,0.16767392772818096
614,-1905,0.33066327356960123
615,-1895,0.5020421086325076
616,-1885,0.5576850878294543
617,-1875,0.4718058525565801
618,-1865,0.4198168493404707
619,-1855,0.40914882574351535
620,-1845,0.36926237605746437
621,-1835,0.29372193603797364
622,-1825,0.192367005232571
623,-1815,0.05941969306660866
624,-1805,-0.009291273694349844
625,-1795,0.00041250699455391837
626,-1785,-0.04055088371248247
627,-1775,-0.14343342123050246
628,-1765,-0.20592856756068284
629,-1755,-0.21899824745275503
630,-1745,-0.27261239490529354
631,-1735,-0.375815456208866
632,-1725,-0.4430448077872893
633,-1715,-0.4663436719621358
634,-1705,-0.36829099184171715
635,-1695,-0.12185014156998933
636,-1685,-0.012898883213375945
637,-1675,-0.07197911190450758
638,-1665,-0.14132592308561265
639,-1655,-0.22317720188533205
640,-1645,-0.23204911685238033
641,-1635,-0.1516338199610507
642,-1625,-0.17261168854694958
643,-1615,-0.31755213999657844
644,-1605,-0.371479551433983
645,-1595,-0.31412077374644115
646,-1585,-0.14438523759908484
647,-1575,0.16271741884569138
648,-1565,0.4234626149073506
649,-1555,0.6275542686891644
650,-1545,0.6164340006116948
651,-1535,0.34234834527430086
652,-1525,0.09063137642064481
653,-1515,-0.13376163930966334
654,-1505,-0.21651571657484187
655,-1495,-0.12607139857678704
656,-1485,-0.1291427302506174
657,-1475,-0.24641326344801143
658,-1465,-0.30523521660162456
659,-1455,-0.29267462017686574
660,-1445,-0.28020749196476824
661,-1435,-0.2678089103416085
662,-1425,-0.15978065993846097
663,-1415,0.06514077146618497
664,-1405,0.2450135215511324
665,-1395,0.36981619025523277
666,-1385,0.3584379635782512
667,-1375,0.1806591246668494
668,-1365,0.08507957583098438
669,-1355,0.08989537014625809
670,-1345,0.05871452179370009
671,-1335,-0.016435005803114185
672,-1325,0.006426240990512769
673,-1315,0.1490810197575748
674,-1305,0.2614332945664213
675,-1295,0.33666664799657203
676,-1285,0.31293626028687427
677,-1275,0.16827254388396337
678,-1265,0.06767080644530889
679,-1255,0.020924446533199442
680,-1245,-0.011060443035440515
681,-1235,-0.02513984400862463
682,-1225,-0.012113451616296948
683,-1215,0.034053160839554106
684,-1205,0.06688232134914866
685,-1195,0.08342744233303268
686,-1185,0.06750598742023557
687,-1175,0.011820719858690237
688,-1165,-0.025772813207977863
689,-1155,-0.041348821802395797
690,-1145,-0.05688258134162605
691,-1135,-0.07235563553709755
692,-1125,-0.12601656391815982
693,-1115,-0.2263229785338629
694,-1105,-0.26918093122074527
695,-1095,-0.24193477832319005
696,-1085,-0.22364354063654207
697,-1075,-0.21619091013647812
698,-1065,-0.21758994452282177
699,-1055,-0.22977083587508854
700,-1045,-0.15070566294476218
701,-1035,0.039749557463328145
702,-1025,0.19186562929989828
703,-1015,0.29710833451774776
704,-1005,0.3516375684104445
705,-995,0.3442584650021949
706,-985,0.31435404226977626
707,-975,0.2569953621727092
708,-965,0.23335425262266618
709,-955,0.2508980541362272
710,-945,0.18504144376800163
711,-935,0.017314703952665766
712,-925,-0.14711858804999808
713,-915,-0.30743145632127733
714,-905,-0.3417837720720562
715,-895,-0.22215837208807168
716,-885,-0.10270568697113905
717,-875,0.01658379812571944
718,-865,0.06703230655805892
719,-855,0.03345839510904512
720,-845,-0.009299055809896116
721,-835,-0.06318461758807979
722,-825,-0.09590957743271644
723,-815,-0.10270836468250656
724,-805,-0.10407327521173344
725,-795,-0.09862946296534009
726,-785,-0.11580013244577697
727,-775,-0.160443123511551
728,-765,-0.1635007775921886
729,-755,-0.11564033863744787
730,-745,-0.044206083309961224
731,-735,0.05612476428843462
732,-725,0.053952129417958565
733,-715,-0.07340265325732193
734,-705,-0.1535657749872949
735,-695,-0.1759759292295024
736,-685,-0.13655997961924624
737,-675,-0.021411298907452345
738,-665,0.08927829602611731
739,-655,0.19460888541109483
740,-645,0.11426712528083603
741,-635,-0.19298980264581564
742,-625,-0.382094958575509
743,-615,-0.4266512936340269
744,-605,-0.274198508185173
745,-595,0.11919756171208312
746,-585,0.30338445228277167
747,-575,0.23194952253905385
748,-565,0.1730342797336925
749,-555,0.12943116465082538
750,-545,0.1692455856400342
751,-535,0.3110893496128287
752,-525,0.3799090658353744
753,-515,0.35953080066454446
754,-505,0.24926586002558046
755,-495,0.02916750660210865
756,-485,-0.08384592374158496
757,-475,-0.06590540299220725
758,-465,0.05122172859029657
759,-455,0.28963630722194267
760,-445,0.3369388103052023
761,-435,0.15067962535944693
762,-425,-0.026383718937321277
763,-415,-0.19221637241087935
764,-405,-0.1913339787361337
765,-395,0.013368242501471714
766,-385,0.11581750154650991
767,-375,0.09341401428731555
768,-365,0.0476741271149121
769,-355,-0.026705079951413177
770,-345,-0.021024222357029033
771,-335,0.08245510623505306
772,-325,0.05307715420594407
773,-315,-0.13854093483292315
774,-305,-0.24790997952481786
775,-295,-0.25678902136057463
776,-285,-0.24872785693267263
777,-275,-0.21993728897568582
778,-265,-0.19788462389103634
779,-255,-0.1839718952220186
780,-245,-0.14749904355784066
781,-235,-0.08344543738852965
782,-225,-0.09368416609366442
783,-215,-0.19485381398764232
784,-205,-0.1690157398011748
785,-195,0.01207106827543375
