,time,seierstad14gisp2d18o1kyrfir
0,-8045,-0.006630409463631082
1,-8035,-0.1227447466035515
2,-8025,-0.26292795022785886
3,-8015,-0.42643742292944425
4,-8005,-0.4311364513444352
5,-7995,-0.2416347115633085
6,-7985,-0.07326232522684006
7,-7975,0.06929629273688584
8,-7965,0.16601691387563736
9,-7955,0.20668348352351817
10,-7945,0.22521904997010878
11,-7935,0.21670208444539824
12,-7925,0.1975465737732494
13,-7915,0.1653167014826163
14,-7905,0.07517502208161225
15,-7895,-0.08593353980942933
16,-7885,-0.17670684112704838
17,-7875,-0.18157101689246868
18,-7865,-0.13611582916979878
19,-7855,-0.02921400834478452
20,-7845,0.03583987875962759
21,-7835,0.04949873163853573
22,-7825,0.06282089631476287
23,-7815,0.07557132501718963
24,-7805,0.1702553580887219
25,-7795,0.36492366052530084
26,-7785,0.4288505842490526
27,-7775,0.3327250174702966
28,-7765,0.17892626790344304
29,-7755,-0.04556227748468333
30,-7745,-0.13517814806126732
31,-7735,-0.060129554006463366
32,-7725,0.02719827168309573
33,-7715,0.12932276438731546
34,-7705,0.17277516506534352
35,-7695,0.1442212009625678
36,-7685,0.10293683641719459
37,-7675,0.04594418490310714
38,-7665,0.08777611529314856
39,-7655,0.25012066207169253
40,-7645,0.26129108724254013
41,-7635,0.0874397550697768
42,-7625,-0.09927766709498853
43,-7615,-0.3019189500077022
44,-7605,-0.3159935444544798
45,-7595,-0.09974106192598445
46,-7585,0.046214192208561114
47,-7575,0.10606692857684377
48,-7565,0.10116446850555282
49,-7555,0.01686238469197894
50,-7545,-0.01085432630616133
51,-7535,0.030462740750637665
52,-7525,0.01346495650992205
53,-7515,-0.07493161614458813
54,-7505,-0.21387307201361483
55,-7495,-0.4146796348076751
56,-7485,-0.5412041182290592
57,-7475,-0.5770079805181524
58,-7465,-0.5026143589360891
59,-7455,-0.2935290639299284
60,-7445,-0.1250833441971772
61,-7435,-0.006365824546176346
62,-7425,0.09299498382896676
63,-7415,0.1686718812066733
64,-7405,0.2271748455455791
65,-7395,0.26471409568460674
66,-7385,0.2715615543662264
67,-7375,0.24087339142718658
68,-7365,0.1849342189784341
69,-7355,0.09819752922749204
70,-7345,0.06829575404896432
71,-7335,0.10799496647237516
72,-7325,0.17649973278531494
73,-7315,0.28025048270346475
74,-7305,0.3057752886626349
75,-7295,0.235709708099336
76,-7285,0.17843194507940321
77,-7275,0.1369287903330061
78,-7265,0.07224597204739108
79,-7255,-0.02062147804509845
80,-7245,-0.07252400571915685
81,-7235,-0.07418991064285414
82,-7225,-0.12376980598151717
83,-7215,-0.23177729525849472
84,-7205,-0.30658881677416133
85,-7195,-0.34068860797620004
86,-7185,-0.30780631190711
87,-7175,-0.1929067151510744
88,-7165,-0.09087105312619917
89,-7155,-0.00453628634870188
90,-7145,0.0058054886601450984
91,-7135,-0.07653457061887972
92,-7125,-0.15591942526020983
93,-7115,-0.23150413502495495
94,-7105,-0.19927579046816346
95,-7095,-0.035291775080368376
96,-7085,0.05291880224813809
97,-7075,0.04866434860803304
98,-7065,-0.015465450112441867
99,-7055,-0.15266230255647303
100,-7045,-0.276450878797229
101,-7035,-0.38379199741178993
102,-7025,-0.4336973507158432
103,-7015,-0.41347483166727494
104,-7005,-0.2830364642545641
105,-6995,-0.017778517453457654
106,-6985,0.10232860673338429
107,-6975,0.04513476938053802
108,-6965,0.028716381562358867
109,-6955,0.06205022454448214
110,-6945,0.05170708639689613
111,-6935,-0.012009438001780573
112,-6925,-0.08437708830712748
113,-6915,-0.1673622359012601
114,-6905,-0.08336059505740964
115,-6895,0.2046361246319586
116,-6885,0.3647035508841875
117,-6875,0.3683277527390527
118,-6865,0.28679058454847994
119,-6855,0.10115165879521398
120,-6845,0.06682108682212784
121,-6835,0.21733613242992672
122,-6825,0.3942437063397014
123,-6815,0.6033233425139057
124,-6805,0.6587409244295805
125,-6795,0.5262551801086568
126,-6785,0.4258564340055738
127,-6775,0.3645576308840911
128,-6765,0.3623837210759563
129,-6755,0.4322610162473647
130,-6745,0.41596592794472426
131,-6735,0.29423233143331673
132,-6725,0.11327281586740379
133,-6715,-0.14016497037370984
134,-6705,-0.2705089894831249
135,-6695,-0.2504817573584502
136,-6685,-0.23780646068223144
137,-6675,-0.23419998341762735
138,-6665,-0.19860882893176424
139,-6655,-0.12408035519465518
140,-6645,-0.04927889715551225
141,-6635,0.025786044421547347
142,-6625,-0.019332542551087517
143,-6615,-0.21141705833979718
144,-6605,-0.3346160154615204
145,-6595,-0.3737116965100551
146,-6585,-0.30575451771843076
147,-6575,-0.1070298338723737
148,-6565,-0.028623191745418546
149,-6555,-0.09735415205716234
150,-6545,-0.2044576499728594
151,-6535,-0.3583640699348717
152,-6525,-0.35352260657460055
153,-6515,-0.15473336897134438
154,-6505,-0.034818027546056424
155,-6495,-0.0113296915983441
156,-6485,-0.027395474315632565
157,-6475,-0.09175388601344209
158,-6465,-0.07643250527585109
159,-6455,0.03626192430501132
160,-6445,0.08000619446321816
161,-6435,0.039476777711561425
162,-6425,-0.03850450710865258
163,-6415,-0.16216772473457858
164,-6405,-0.24113928851471572
165,-6395,-0.2653968039358869
166,-6385,-0.12785888295208125
167,-6375,0.207415553224244
168,-6365,0.3239203461480061
169,-6355,0.1730846626294389
170,-6345,0.08368012439452036
171,-6335,0.06951768667970659
172,-6325,0.10554615831477157
173,-6315,0.20295493527230113
174,-6305,0.27287635684092315
175,-6295,0.30926989253229553
176,-6285,0.26192915651585175
177,-6275,0.11242730104537475
178,-6265,-0.06109660318392013
179,-6255,-0.26394120875878335
180,-6245,-0.34233515517207375
181,-6235,-0.26852562087193155
182,-6225,-0.21426480763229622
183,-6215,-0.18378101145212372
184,-6205,-0.14918196911907325
185,-6195,-0.10949639437165176
186,-6185,-0.03870623281770619
187,-6175,0.07017657474238996
188,-6165,0.16745666860462935
189,-6155,0.25067826623959344
190,-6145,0.31116241586190174
191,-6135,0.34398790812251273
192,-6125,0.3530750897857369
193,-6115,0.3331489184073285
194,-6105,0.24105021992220577
195,-6095,0.060785322470483794
196,-6085,-0.1533120366581049
197,-6075,-0.40874528720759395
198,-6065,-0.4931216552742995
199,-6055,-0.36844204316847207
200,-6045,-0.21453534167572808
201,-6035,-0.024909886728211067
202,-6025,0.007126062275631232
203,-6015,-0.15340782528884112
204,-6005,-0.1957100487366963
205,-5995,-0.0934764768924196
206,-5985,0.03698436312407405
207,-5975,0.20193531519785407
208,-5965,0.23090544804119234
209,-5955,0.09364276627772218
210,-5945,0.03434648604407954
211,-5935,0.07020220453180949
212,-5925,0.12084066891682393
213,-5915,0.1895527466533454
214,-5905,0.15153548276583834
215,-5895,-0.01698030768046299
216,-5885,-0.09521348283886363
217,-5875,-0.06315142203976659
218,-5865,-0.006098838881450748
219,-5855,0.08152607244699661
220,-5845,0.1447828975673376
221,-5835,0.17813304334123564
222,-5825,0.1273516435763056
223,-5815,-0.026364716362190843
224,-5805,-0.1550763519078783
225,-5795,-0.25326899314874235
226,-5785,-0.24082076658577486
227,-5775,-0.09317077754281775
228,-5765,-0.007042724342943292
229,-5755,0.0037088071587793973
230,-5745,0.020240234104073045
231,-5735,0.04377886995375155
232,-5725,-0.007941903940016391
233,-5715,-0.15168285859293815
234,-5705,-0.19508089303037052
235,-5695,-0.11585139208640877
236,-5685,-0.04202834917261988
237,-5675,0.02518730719713498
238,-5665,0.06334323897308654
239,-5655,0.06584688701499661
240,-5645,0.09659742061157406
241,-5635,0.1618260491686957
242,-5625,0.15164647481193738
243,-5615,0.04926188040262275
244,-5605,-0.0014352813237546412
245,-5595,0.011071407037156925
246,-5585,0.0438428809376845
247,-5575,0.10143436286828611
248,-5565,0.14318481844647807
249,-5555,0.1655639737831564
250,-5545,0.1720820814378181
251,-5535,0.1591922371824423
252,-5525,0.15749619270308798
253,-5515,0.16952051359230097
254,-5505,0.178038863535582
255,-5495,0.182326917236732
256,-5485,0.19880905251512837
257,-5475,0.23016889497563875
258,-5465,0.23763305105934723
259,-5455,0.21598345318966872
260,-5445,0.13901488506443724
261,-5435,-0.005512852152493086
262,-5425,-0.06697422323325813
263,-5415,-0.026918664611860377
264,-5405,-0.012024012215151869
265,-5395,-0.027749413303959303
266,-5385,-0.14610253626716885
267,-5375,-0.38977658690765254
268,-5365,-0.5626796239699936
269,-5355,-0.6490573873479464
270,-5345,-0.5994394415861681
271,-5335,-0.383487822724222
272,-5325,-0.23963787713036697
273,-5315,-0.1839098364983787
274,-5305,-0.1756619582984566
275,-5295,-0.22542368010082892
276,-5285,-0.25739364490637745
277,-5275,-0.26746059118173415
278,-5265,-0.31802631864039044
279,-5255,-0.4180166717058362
280,-5245,-0.29847513494740524
281,-5235,0.08934633134387304
282,-5225,0.22956556806518796
283,-5215,0.06714092844050012
284,-5205,-0.02097954680116247
285,-5195,-0.01814796408688918
286,-5185,0.03662180823373257
287,-5175,0.15484786339188295
288,-5165,0.255254061095778
289,-5155,0.33383701273769817
290,-5145,0.3484685179240352
291,-5135,0.28496045515939106
292,-5125,0.2352053770208306
293,-5115,0.2022039853121436
294,-5105,0.19419622454397154
295,-5095,0.21669967788360522
296,-5085,0.13031250554757173
297,-5075,-0.08919063895213263
298,-5065,-0.21491391675429022
299,-5055,-0.22597833471236423
300,-5045,-0.1522260979732127
301,-5035,0.02504158330921498
302,-5025,0.123949002360962
303,-5015,0.12699533125988277
304,-5005,0.0899516824143021
305,-4995,0.0038258396090251473
306,-4985,-0.032398553409206166
307,-4975,-0.007714014207470737
308,-4965,-0.009694851769335919
309,-4955,-0.044382629474029184
310,-4945,0.0011636915423527128
311,-4935,0.1446633964082444
312,-4925,0.2287996705515981
313,-4915,0.24036653754604748
314,-4905,0.24436641464300293
315,-4895,0.2390371959792124
316,-4885,0.2565152734904779
317,-4875,0.3017911392806121
318,-4865,0.33386121892749837
319,-4855,0.3497010722216104
320,-4845,0.35003030327824114
321,-4835,0.3312831863030024
322,-4825,0.24397819617217317
323,-4815,0.07279440438810464
324,-4805,-0.02303002286766792
325,-4795,-0.026754720089609635
326,-4785,-0.0722036943641946
327,-4775,-0.1686835269213066
328,-4765,-0.2652476065599695
329,-4755,-0.3619843888451643
330,-4745,-0.41047259417767296
331,-4735,-0.39991706180424047
332,-4725,-0.346717664145924
333,-4715,-0.24139173041509332
334,-4705,-0.12054763443280536
335,-4695,0.019205375235136185
336,-4685,0.129398699271761
337,-4675,0.2035221521680106
338,-4665,0.16250022272275655
339,-4655,-0.019214302418982948
340,-4645,-0.2543094138372914
341,-4635,-0.5546275010504205
342,-4625,-0.6303526724729989
343,-4615,-0.43146149815836254
344,-4605,-0.27700233424216325
345,-4595,-0.17672699228579308
346,-4585,-0.093863815320394
347,-4575,-0.032227648461602365
348,-4565,0.09082632562767526
349,-4555,0.2890469547436443
350,-4545,0.3213040722254812
351,-4535,0.1508251446728818
352,-4525,0.07213296939679911
353,-4515,0.10572355322614004
354,-4505,0.1523152675314821
355,-4495,0.21484964470609058
356,-4485,0.20595421093124483
357,-4475,0.10985547146468921
358,-4465,-0.0509071305523732
359,-4455,-0.2905000888571097
360,-4445,-0.3402167479577628
361,-4435,-0.1578042958335161
362,-4425,-0.02970125889918207
363,-4415,0.032040953192647256
364,-4405,0.07423979569696683
365,-4395,0.09264229435261731
366,-4385,0.0814979133231875
367,-4375,0.03437432957865415
368,-4365,-0.06240847010690518
369,-4355,-0.21985994592657215
370,-4345,-0.33016927110013317
371,-4335,-0.38282714449361754
372,-4325,-0.37026501393333155
373,-4315,-0.2779377735881521
374,-4305,-0.14618708077179865
375,-4295,0.03370405060172854
376,-4285,0.1382356537390006
377,-4275,0.15065943715797753
378,-4265,0.2137958926589989
379,-4255,0.33893121036603757
380,-4245,0.3651349544521829
381,-4235,0.27041004760732906
382,-4225,0.1443334696465443
383,-4215,-0.020071697415996917
384,-4205,-0.0761300953386789
385,-4195,0.00015984250793921184
386,-4185,0.050853604141769114
387,-4175,0.07017891754898731
388,-4165,0.1133937018670731
389,-4155,0.1857850213034139
390,-4145,0.1752337359040724
391,-4135,0.06320754239428339
392,-4125,-0.0023538516430804454
393,-4115,-0.011232669959052977
394,-4105,0.1119037841266967
395,-4095,0.39635789517871883
396,-4085,0.4932228947789086
397,-4075,0.36069495120497264
398,-4065,0.21834266532875984
399,-4055,0.06381682911294898
400,-4045,0.007380875470216111
401,-4035,0.07082837023531961
402,-4025,0.02195588883196009
403,-4015,-0.16415170869951207
404,-4005,-0.20807685650322283
405,-3995,-0.07835810177471586
406,-3985,0.08203436579661993
407,-3975,0.27977432141734526
408,-3965,0.31669206318571685
409,-3955,0.15701529494626798
410,-3945,0.003067732515585564
411,-3935,-0.143923240494432
412,-3925,-0.2626101530832284
413,-3915,-0.3466693162285879
414,-3905,-0.31585374973947267
415,-3895,-0.14477122333041093
416,-3885,-0.0772698484118592
417,-3875,-0.13635801200634098
418,-3865,-0.2090064379282572
419,-3855,-0.2981917788208565
420,-3845,-0.33003322029434556
421,-3835,-0.2917672413816469
422,-3825,-0.25917307601703254
423,-3815,-0.23356360170682697
424,-3805,-0.18558958097444628
425,-3795,-0.11024823880751246
426,-3785,-0.05306559900652505
427,-3775,-0.018026299110711366
428,-3765,0.058496890728195194
429,-3755,0.185685128010126
430,-3745,0.23721725823671175
431,-3735,0.19638107481189132
432,-3725,0.10358216114369442
433,-3715,-0.05264288199891082
434,-3705,-0.15507600456378867
435,-3695,-0.1917290369615849
436,-3685,-0.16677207424480436
437,-3675,-0.06643505442618489
438,-3665,0.004380023155950152
439,-3655,0.03927179330559768
440,-3645,0.05164340647871181
441,-3635,0.03642119984873375
442,-3625,0.07279002659246146
443,-3615,0.1723396578221814
444,-3605,0.23803052014848702
445,-3595,0.2623657696878545
446,-3585,0.2551314559395082
447,-3575,0.2093046775791697
448,-3565,0.12169738943803339
449,-3555,-0.01690689278921767
450,-3545,-0.14438361583881523
451,-3535,-0.25817669415154776
452,-3525,-0.2842056018367038
453,-3515,-0.20293242359236965
454,-3505,-0.04398860340519367
455,-3495,0.20986836196210323
456,-3485,0.3669488030938321
457,-3475,0.40580707481836265
458,-3465,0.34345690661743067
459,-3455,0.15738587202947207
460,-3445,0.04681631549125656
461,-3435,0.0285033339504219
462,-3425,-0.0201653910739146
463,-3415,-0.10587171395328784
464,-3405,-0.19144780971327635
465,-3395,-0.27682866690913355
466,-3385,-0.3552493099680196
467,-3375,-0.42516528412626486
468,-3365,-0.4520658415377632
469,-3355,-0.42642592817293945
470,-3345,-0.3465021838276624
471,-3335,-0.20034115833021035
472,-3325,-0.06186887339171593
473,-3315,0.06714405788221728
474,-3305,0.20430749194010878
475,-3295,0.35146200395391447
476,-3285,0.4189482213208281
477,-3275,0.3890384789297088
478,-3265,0.312146763582227
479,-3255,0.17778049044788363
480,-3245,0.1022812623008312
481,-3235,0.09867442294475413
482,-3225,0.10094651933699798
483,-3215,0.11026371697310147
484,-3205,0.08597738872477301
485,-3195,0.020649330029366517
486,-3185,-0.014026591042010723
487,-3175,-0.011292762721545217
488,-3165,0.06594405249358273
489,-3155,0.23415167312312068
490,-3145,0.26517348543714236
491,-3135,0.1284739023917314
492,-3125,-0.03051762324749352
493,-3115,-0.21673247858706204
494,-3105,-0.23501046941443526
495,-3095,-0.04811949780457692
496,-3085,0.07137326015185552
497,-3075,0.1084448004841717
498,-3065,0.0780741635695984
499,-3055,-0.03477327324257311
500,-3045,-0.09244081513580023
501,-3035,-0.08271203386913649
502,-3025,-0.08087275892658331
503,-3015,-0.08867335218736416
504,-3005,-0.1539091904519774
505,-2995,-0.2893037321040297
506,-2985,-0.3774350486030688
507,-2975,-0.4077585101794757
508,-2965,-0.35925624077232604
509,-2955,-0.21447959542367356
510,-2945,-0.07873386083902575
511,-2935,0.045978996958510654
512,-2925,0.15485048134871288
513,-2915,0.24431331169117348
514,-2905,0.23569658778595076
515,-2895,0.10717954069259977
516,-2885,0.02683390036051759
517,-2875,0.00545398371290828
518,-2865,0.05812151185165071
519,-2855,0.2013783750548281
520,-2845,0.24548760072249856
521,-2835,0.16841755284926388
522,-2825,0.11144710213379243
523,-2815,0.07901075820907741
524,-2805,0.059863885079550705
525,-2795,0.05701821922228084
526,-2785,0.001132758078543905
527,-2775,-0.1195225601634438
528,-2765,-0.2156666323589174
529,-2755,-0.2818807900639854
530,-2745,-0.21221409688781215
531,-2735,0.023588672243921194
532,-2725,0.22313043426837853
533,-2715,0.3784359203312739
534,-2705,0.3691508264906209
535,-2695,0.1587035760945177
536,-2685,-0.03508549437447264
537,-2675,-0.2084107274155591
538,-2665,-0.26259189573607605
539,-2655,-0.17109911940271127
540,-2645,-0.10795026546279146
541,-2635,-0.07947053958166939
542,-2625,-0.07935463796998149
543,-2615,-0.113868010206627
544,-2605,-0.12831594954472608
545,-2595,-0.11819465919591654
546,-2585,-0.08908650645240769
547,-2575,-0.036681271125454745
548,-2565,0.04036671384035087
549,-2555,0.14750904132187415
550,-2545,0.2229602874743599
551,-2535,0.2597152829126858
552,-2525,0.20741844106473634
553,-2515,0.04635803161998085
554,-2505,-0.04269984856635762
555,-2495,-0.04374994978353983
556,-2485,-0.05832652160238998
557,-2475,-0.0894101503290191
558,-2465,-0.16661605108641372
559,-2455,-0.3002079135322152
560,-2445,-0.3448416762960723
561,-2435,-0.2807257558608009
562,-2425,-0.2232916166558574
563,-2415,-0.17407358094145775
564,-2405,-0.08203760522231535
565,-2395,0.062277416540007735
566,-2385,0.22798489284885567
567,-2375,0.41987571912488997
568,-2365,0.5724651090536722
569,-2355,0.6770237107271245
570,-2345,0.5261464346041073
571,-2335,0.06307066163073799
572,-2325,-0.14101819099157836
573,-2315,-0.02858706193662687
574,-2305,-0.00941613568103429
575,-2295,-0.10424854065203755
576,-2285,-0.22595201340667873
577,-2275,-0.3805213739025118
578,-2265,-0.40096828356702774
579,-2255,-0.257540995442002
580,-2245,-0.09592962824675358
581,-2235,0.08783892613077648
582,-2225,0.18059887000249447
583,-2215,0.1620719437621687
584,-2205,0.10653497465873141
585,-2195,0.005779583281184247
586,-2185,-0.05990811142208258
587,-2175,-0.08272300715299213
588,-2165,-0.1413935478213675
589,-2155,-0.24396952731400212
590,-2145,-0.31049228637454385
591,-2135,-0.33297192476783993
592,-2125,-0.23940437869120101
593,-2115,-0.003986900010400363
594,-2105,0.18207683243596937
595,-2095,0.30773476036486586
596,-2085,0.3940551011985275
597,-2075,0.4322724821158962
598,-2065,0.4412110181889843
599,-2055,0.41440484244814313
600,-2045,0.3313774451205258
601,-2035,0.1796589815326665
602,-2025,0.06181334612294816
603,-2015,-0.014631467245031393
604,-2005,-0.08087879815998208
605,-1995,-0.13465416552838966
606,-1985,-0.10279550117206147
607,-1975,0.033712106044702296
608,-1965,0.09707578659016478
609,-1955,0.07102879262047154
610,-1945,0.01685879676387629
611,-1935,-0.07169536892332778
612,-1925,-0.12304861631466109
613,-1915,-0.12893677398722214
614,-1905,-0.06165566421967275
615,-1895,0.09506972419499726
616,-1885,0.15497720179310648
617,-1875,0.09655980754220177
618,-1865,0.048246999554369105
619,-1855,0.012336580144144765
620,-1845,-0.005510567434444211
621,-1835,-0.0012347965889734636
622,-1825,-0.05094099395265399
623,-1815,-0.16667420562819296
624,-1805,-0.2767600459976568
625,-1795,-0.3799473958223718
626,-1785,-0.43013422533112977
627,-1775,-0.415491082173594
628,-1765,-0.4030164564266105
629,-1755,-0.39321332661418507
630,-1745,-0.37323251540802155
631,-1735,-0.3408388706320804
632,-1725,-0.2903887759380879
633,-1715,-0.21782477088994173
634,-1705,-0.11023523043996031
635,-1695,0.040131549012970946
636,-1685,0.16808102890417898
637,-1675,0.2685742811532996
638,-1665,0.26329294230053746
639,-1655,0.128783390262103
640,-1645,0.03832982099359741
641,-1635,0.001725526865528907
642,-1625,-0.03133516778347867
643,-1615,-0.06011507244518608
644,-1605,-0.07755640740117913
645,-1595,-0.08113123659889226
646,-1585,0.009960251927561364
647,-1575,0.21668657775611602
648,-1565,0.42354772852125794
649,-1555,0.6305320422233731
650,-1545,0.6575311269990263
651,-1535,0.4645607832176044
652,-1525,0.3020846851043313
653,-1515,0.17679313729622997
654,-1505,0.09543250989819888
655,-1495,0.06774665307762172
656,-1485,0.01533937262106154
657,-1475,-0.06727567954344459
658,-1465,-0.07446025215099769
659,-1455,0.010486363287462592
660,-1445,0.08980840344628706
661,-1435,0.16229148953487854
662,-1425,0.19319713700257382
663,-1415,0.17332216829821812
664,-1405,0.15347854399527633
665,-1395,0.13358549748077064
666,-1385,0.11360498136250369
667,-1375,0.0934739155620278
668,-1365,0.07323009035895127
669,-1355,0.05287286763990777
670,-1345,0.024537238782526907
671,-1335,-0.013546251567399303
672,-1325,-0.061872659263757096
673,-1315,-0.12268654382204737
674,-1305,-0.1824842759748328
675,-1295,-0.2410208556873537
676,-1285,-0.2670520382676065
677,-1275,-0.2533651131555936
678,-1265,-0.2567283177492332
679,-1255,-0.28089721565530396
680,-1245,-0.2534512639500289
681,-1235,-0.1628948157999958
682,-1225,-0.07700509694241137
683,-1215,0.0032161546797824098
684,-1205,0.01683106863496584
685,-1195,-0.050966215370319035
686,-1185,-0.0930812145568567
687,-1175,-0.1037419073884201
688,-1165,-0.13711929203759377
689,-1155,-0.19822783536854888
690,-1145,-0.2303175873869216
691,-1135,-0.22692896762400544
692,-1125,-0.2552862490454084
693,-1115,-0.32235537453837826
694,-1105,-0.3772298470417912
695,-1095,-0.41715312162491
696,-1085,-0.3795382565340741
697,-1075,-0.24705359967062124
698,-1065,-0.14614976095549073
699,-1055,-0.0838082772202029
700,-1045,0.03247455555690343
701,-1035,0.21467196642416672
702,-1025,0.34264860343075
703,-1015,0.40431949107766674
704,-1005,0.43321773321506574
705,-995,0.4221896376670172
706,-985,0.4392260750203567
707,-975,0.4905976938704506
708,-965,0.47549039183023656
709,-955,0.37915944910944865
710,-945,0.26366717621598956
711,-935,0.12480634276362965
712,-925,-0.0038896690435473724
713,-915,-0.12010862603443268
714,-905,-0.16195116334032567
715,-895,-0.11284957573746647
716,-885,-0.05689186491855648
717,-875,0.007430773589919289
718,-865,0.05607060267708313
719,-855,0.08552294786871491
720,-845,0.16343722272906827
721,-835,0.3006117677286958
722,-825,0.3298379473098646
723,-815,0.2271498781226965
724,-805,0.06386227387737028
725,-795,-0.173442977277357
726,-785,-0.2968295258747527
727,-775,-0.2809735020783309
728,-765,-0.20070438017352238
729,-755,-0.04172718915646629
730,-745,0.04207872507827363
731,-735,0.033985918827627776
732,-725,0.0024469451293095967
733,-715,-0.05780156848243442
734,-705,-0.07061231062718873
735,-695,-0.02540862018822253
736,-685,-0.015984617104982002
737,-675,-0.050293138899435264
738,-665,-0.044908669830874555
739,-655,0.008996948032950845
740,-645,0.009161532595781084
741,-635,-0.05642956512113573
742,-625,-0.1533515544077258
743,-615,-0.28858139327687515
744,-605,-0.34147072618193697
745,-595,-0.2936972918312854
746,-585,-0.22769744022652774
747,-575,-0.1394056325562954
748,-565,-0.03859478491095797
749,-555,0.07751845971452044
750,-545,0.1510491271237522
751,-535,0.17253938953716846
752,-525,0.1728851498307405
753,-515,0.14733560334172952
754,-505,0.10726390429665444
755,-495,0.0494116818583823
756,-485,-0.015180128132542756
757,-475,-0.08795435408855684
758,-465,-0.10775008283211217
759,-455,-0.06275152817395649
760,-445,-0.02103700205604896
761,-435,0.016659674721487244
762,-425,0.0645178824772556
763,-415,0.12483142916517527
764,-405,0.11090610305881754
765,-395,0.006258131506245067
766,-385,-0.06799159436732219
767,-375,-0.10503361148403731
768,-365,-0.061005802636927814
769,-355,0.08211639767971995
770,-345,0.1306796701436495
771,-335,0.06361485114675469
772,-325,0.01782036041374732
773,-315,-0.0019275573813380582
774,-305,0.05809851877423317
775,-295,0.21567358242124102
776,-285,0.2717806461974966
777,-275,0.2039423657450926
778,-265,0.10898390074355332
779,-255,-0.01903689588492624
780,-245,-0.07172105196642536
781,-235,-0.03229706674178437
782,-225,-0.02566393273010842
783,-215,-0.05915337702686297
784,-205,-0.04668462482396338
785,-195,0.021985786998578415
