,time,GISP2seierstad14d18O_decavg_d18O__detrendedlinear
0,-8045,-0.23154938876335507
1,-8035,-0.32614096484942223
2,-8025,-0.44485754093548024
3,-8015,-0.586949117021554
4,-8005,-0.5704156931076199
5,-7995,-0.3600072691936873
6,-7985,-0.1709738452797538
7,-7975,-0.008065421365820669
8,-7965,0.10871800254810893
9,-7955,0.1691264264620429
10,-7945,0.20703485037597602
11,-7935,0.21744327428991994
12,-7925,0.21660169820385278
13,-7915,0.2020101221177768
14,-7905,0.12891854603171282
15,-7895,-0.015673030054358605
16,-7885,-0.09051460614041673
17,-7875,-0.08010618222648702
18,-7865,-0.020197758312555436
19,-7855,0.1002106656013737
20,-7845,0.177869089515319
21,-7835,0.20327751342924927
22,-7825,0.22756093734317773
23,-7815,0.2504693612571103
24,-7805,0.3543777851710388
25,-7795,0.5572862090849782
26,-7785,0.6285696329989108
27,-7775,0.5389780569128462
28,-7765,0.39088648082677224
29,-7755,0.17129490474071218
30,-7745,0.08557832865464832
31,-7735,0.16348675256858058
32,-7725,0.25264517648251683
33,-7715,0.35555360039644057
34,-7705,0.3988370243103816
35,-7695,0.36924544822431216
36,-7685,0.3261538721382422
37,-7675,0.26656229605217874
38,-7665,0.304845719966103
39,-7655,0.46275414388004776
40,-7645,0.46878756779398145
41,-7635,0.28919599170790633
42,-7625,0.0961044156218378
43,-7615,-0.11348716046421714
44,-7605,-0.13520373655028806
45,-7595,0.07270468736364677
46,-7585,0.20973811127757358
47,-7575,0.26014653519150954
48,-7565,0.24530495910543948
49,-7555,0.15071338301937232
50,-7545,0.11237180693330373
51,-7535,0.14278023084723657
52,-7525,0.11468865476117429
53,-7515,0.015097078675111675
54,-7505,-0.13511949741095464
55,-7495,-0.3472110734970286
56,-7485,-0.48505264958309624
57,-7475,-0.5321442256691569
58,-7465,-0.468985801755224
59,-7455,-0.27107737784128716
60,-7445,-0.11366895392735898
61,-7435,-0.00576053001342558
62,-7425,0.08302289390050532
63,-7415,0.14843131781444185
64,-7405,0.19696474172837242
65,-7395,0.22487316564230753
66,-7385,0.22240658955624326
67,-7375,0.1828150134701758
68,-7365,0.11847343738411098
69,-7355,0.023881861298043816
70,-7345,-0.01333471478802295
71,-7335,0.019573709125914718
72,-7325,0.08173213303984284
73,-7315,0.17964055695377112
74,-7305,0.1999239808677018
75,-7295,0.12533240478164487
76,-7285,0.06424082869557424
77,-7275,0.019649252609511336
78,-7265,-0.04744232347655952
79,-7255,-0.1420338995626267
80,-7245,-0.1950004756486905
81,-7235,-0.19709205173475652
82,-7225,-0.2464336278208279
83,-7215,-0.3535252039068979
84,-7205,-0.42686677999295597
85,-7195,-0.45895835607902313
86,-7185,-0.42354993216509484
87,-7175,-0.30564150825116343
88,-7165,-0.2001080843372307
89,-7155,-0.1096996604232956
90,-7145,-0.09466623650936157
91,-7135,-0.17175781259543044
92,-7125,-0.24547438868149385
93,-7115,-0.31506596476756243
94,-7105,-0.2766575408536269
95,-7095,-0.10624911693969352
96,-7085,-0.011215693025761198
97,-7075,-0.008307269111831772
98,-7065,-0.06502384519789217
99,-7055,-0.19461542128395592
100,-7045,-0.31070699737002627
101,-7035,-0.410298573456096
102,-7025,-0.4525151495421653
103,-7015,-0.4246067256282231
104,-7005,-0.2864483017142945
105,-6995,-0.013539877800361921
106,-6985,0.11424354611357046
107,-6975,0.0646519700275121
108,-6965,0.05556039394144108
109,-6955,0.09596881785537192
110,-6945,0.09250224176930288
111,-6935,0.03541066568323714
112,-6925,-0.030680910402821837
113,-6915,-0.1077724864888907
114,-6905,-0.01836406257496037
115,-6895,0.2745443613389682
116,-6885,0.43920278525289547
117,-6875,0.44711120916683456
118,-6865,0.3695196330807704
119,-6855,0.18742805699470466
120,-6845,0.15608648090863397
121,-6835,0.3089949048225762
122,-6825,0.4877783287365105
123,-6815,0.698186752650436
124,-6805,0.754470176564368
125,-6795,0.6223786004782994
126,-6785,0.521787024392232
127,-6775,0.4596954483061637
128,-6765,0.45610387222009763
129,-6755,0.5240122961340319
130,-6745,0.5052957200479753
131,-6735,0.380704143961907
132,-6725,0.19648756787583466
133,-6715,-0.06060400821022682
134,-6705,-0.1950705842962961
135,-6695,-0.17966216038236382
136,-6685,-0.17212873646843008
137,-6675,-0.1742203125544961
138,-6665,-0.14481188864056804
139,-6655,-0.07690346472664089
140,-6645,-0.008995040812699528
141,-6635,0.05891338310123473
142,-6625,0.0064468070151662005
143,-6615,-0.19314476907090494
144,-6605,-0.3241113451569646
145,-6595,-0.37120292124303234
146,-6585,-0.3114194973290978
147,-6575,-0.12101107341516837
148,-6565,-0.05097764950123462
149,-6555,-0.12806922558728928
150,-6545,-0.24341080167336315
151,-6535,-0.40550237775942577
152,-6525,-0.4089689538455019
153,-6515,-0.21856052993156538
154,-6505,-0.10690210601763539
155,-6495,-0.09149368210369602
156,-6485,-0.11546025818976346
157,-6475,-0.18755183427583688
158,-6465,-0.17976841036189484
159,-6455,-0.07435998644796626
160,-6445,-0.03757656253403496
161,-6435,-0.0846681386201027
162,-6425,-0.1688847147061665
163,-6415,-0.29847629079223026
164,-6405,-0.3830678668782994
165,-6395,-0.41265944296436885
166,-6385,-0.28025101905043215
167,-6375,0.05015740486350495
168,-6365,0.16231582877743733
169,-6355,0.007724252691367894
170,-6345,-0.08499232339470097
171,-6335,-0.10208389948076757
172,-6325,-0.06855047556683047
173,-6315,0.02685794834710009
174,-6305,0.09526637226103674
175,-6295,0.13067479617496502
176,-6285,0.08283322008890082
177,-6275,-0.06675835599716606
178,-6265,-0.23997493208324272
179,-6255,-0.4420665081693045
180,-6245,-0.5192830842553775
181,-6235,-0.44387466034142875
182,-6225,-0.3875912364275038
183,-6215,-0.35468281251357325
184,-6205,-0.3172743885996354
185,-6195,-0.27436596468570684
186,-6185,-0.19995754077176287
187,-6175,-0.08704911685783401
188,-6165,0.014609307056097975
189,-6155,0.10251773097002825
190,-6145,0.16792615488396478
191,-6135,0.205834578797905
192,-6125,0.22011800271182835
193,-6115,0.2055264266257666
194,-6105,0.11893485053969499
195,-6095,-0.05565672554636336
196,-6085,-0.26399830163244076
197,-6075,-0.5135898777185091
198,-6065,-0.5921814538045709
199,-6055,-0.4617730298906366
200,-6045,-0.3021146059767048
201,-6035,-0.10670618206277283
202,-6025,-0.0687977581488397
203,-6015,-0.22338933423490914
204,-6005,-0.2598559103209723
205,-5995,-0.15194748640703892
206,-5985,-0.015914062493109782
207,-5975,0.15449436142083073
208,-5965,0.1887777853347643
209,-5955,0.056686209248702824
210,-5945,0.002219633162631851
211,-5935,0.0426280570765627
212,-5925,0.09766148099049587
213,-5915,0.1705699049044327
214,-5905,0.13660332881836013
215,-5895,-0.027988247267707322
216,-5885,-0.10257982335377136
217,-5875,-0.06717139943983597
218,-5865,-0.007012975525896081
219,-5855,0.08339544838802482
220,-5845,0.14905387230196254
221,-5835,0.18446229621589083
222,-5825,0.1354957201298319
223,-5815,-0.016595855956239802
224,-5805,-0.14393743204230702
225,-5795,-0.2410290081283719
226,-5785,-0.22787058421443618
227,-5775,-0.07996216030049652
228,-5765,0.006071263613428357
229,-5755,0.016479687527365172
230,-5745,0.03251311144129687
231,-5735,0.05542153535522942
232,-5725,0.002954959269160895
233,-5715,-0.14163661681691053
234,-5705,-0.1861031929029764
235,-5695,-0.10819476898904412
236,-5685,-0.03591134507510674
237,-5675,0.029497078838829793
238,-5665,0.06565550275276166
239,-5655,0.06606392666669336
240,-5645,0.0945973505806279
241,-5635,0.1575057744945667
242,-5625,0.14503919840849733
243,-5615,0.04044762232243215
244,-5605,-0.012393953763641719
245,-5595,-0.0019855298497049034
246,-5585,0.02867289406422202
247,-5575,0.08408131797815344
248,-5565,0.1237397418920878
249,-5555,0.14414816580602263
250,-5545,0.1488065897199604
251,-5535,0.13421501363389865
252,-5525,0.13087343754782665
253,-5515,0.14128186146175636
254,-5505,0.14831528537569483
255,-5495,0.15122370928962425
256,-5485,0.16650713320355948
257,-5475,0.1969155571174923
258,-5465,0.20369898103142248
259,-5455,0.18160740494536043
260,-5445,0.10439082885929452
261,-5435,-0.04020074722677691
262,-5425,-0.10154232331284163
263,-5415,-0.061133899398910785
264,-5405,-0.04547547548497022
265,-5395,-0.06006705157104619
266,-5385,-0.17703362765711006
267,-5375,-0.4191252037431781
268,-5365,-0.5903417798292452
269,-5355,-0.6749333559153143
270,-5345,-0.6233999320013766
271,-5335,-0.4054915080874437
272,-5325,-0.2595830841735136
273,-5315,-0.20167466025957026
274,-5305,-0.19101623634563936
275,-5295,-0.2381078124317071
276,-5285,-0.26719938851777414
277,-5275,-0.2742909646038356
278,-5265,-0.32188254068990574
279,-5255,-0.41897411677597773
280,-5245,-0.2966906928620432
281,-5235,0.09371773105188907
282,-5225,0.23662615496583328
283,-5215,0.07703457887976128
284,-5205,-0.00830699720631145
285,-5195,-0.0028985732923771934
286,-5185,0.05425985062154837
287,-5175,0.1746682745354846
288,-5165,0.2770766984494202
289,-5155,0.35748512236335017
290,-5145,0.37376854627729017
291,-5135,0.311676970191229
292,-5125,0.2630853941051541
293,-5115,0.23099381801908692
294,-5105,0.22365224193301714
295,-5095,0.24656066584694258
296,-5085,0.16034408976088343
297,-5075,-0.05924748632518373
298,-5065,-0.18546406241124203
299,-5055,-0.19755563849731317
300,-5045,-0.12527221458337578
301,-5035,0.05013620933056018
302,-5025,0.1467946332444896
303,-5015,0.1472030571584213
304,-5005,0.10711148107235147
305,-4995,0.01751990498628686
306,-4985,-0.022571671099782975
307,-4975,-0.0021632471858481495
308,-4965,-0.008754823271914347
309,-4955,-0.048346399357981795
310,-4945,-0.008062975444040887
311,-4935,0.12984544846989365
312,-4925,0.20812887238382416
313,-4915,0.2135372962977513
314,-4905,0.21107072021168705
315,-4895,0.1989791441256159
316,-4885,0.2093875680395456
317,-4875,0.24729599195347873
318,-4865,0.27170441586741134
319,-4855,0.27961283978135043
320,-4845,0.27177126369528537
321,-4835,0.24467968760921366
322,-4825,0.14896311152315178
323,-4815,-0.030628464562916236
324,-4805,-0.13484504064898317
325,-4795,-0.1469366167350472
326,-4785,-0.2006531928211146
327,-4775,-0.3052447689071869
328,-4765,-0.40983634499324495
329,-4755,-0.5144279210793101
330,-4745,-0.5706444971653823
331,-4735,-0.5677360732514529
332,-4725,-0.5220776493375183
333,-4715,-0.42416922542358293
334,-4705,-0.3105108015096434
335,-4695,-0.1776023775957114
336,-4685,-0.07394395368178408
337,-4675,-0.006035529767842718
338,-4665,-0.05287710585391636
339,-4655,-0.23996868193998466
340,-4645,-0.4799352580260532
341,-4635,-0.7845268341121212
342,-4625,-0.8641184101981807
343,-4615,-0.6687099862842487
344,-4605,-0.5171765623703166
345,-4595,-0.41926813845638833
346,-4585,-0.3382347145424447
347,-4575,-0.2778262906285107
348,-4565,-0.15554286671457618
349,-4555,0.042365557199346426
350,-4545,0.07489898111328586
351,-4535,-0.09469259497278415
352,-4525,-0.1720341710588471
353,-4515,-0.1366257471449117
354,-4505,-0.08771732323098291
355,-4495,-0.022308899317053488
356,-4485,-0.027775475403117866
357,-4475,-0.1198670514891873
358,-4465,-0.27608362757525384
359,-4455,-0.5106752036613216
360,-4445,-0.5551417797473803
361,-4435,-0.3672333558334486
362,-4425,-0.23332493191951897
363,-4415,-0.16541650800558472
364,-4405,-0.11663308409164586
365,-4395,-0.09122466017771558
366,-4385,-0.09506623626378286
367,-4375,-0.1346578123498503
368,-4365,-0.22374938843591963
369,-4355,-0.3733409645219794
370,-4345,-0.47568254060804804
371,-4335,-0.5202741166941109
372,-4325,-0.49961569278018203
373,-4315,-0.399207268866256
374,-4305,-0.2594238449523161
375,-4295,-0.07151542103838437
376,-4285,0.041018002875546244
377,-4275,0.061426426789473965
378,-4265,0.13245985070341249
379,-4255,0.26536827461734447
380,-4245,0.2992766985312798
381,-4235,0.21218512244521293
382,-4225,0.09359354635914485
383,-4215,-0.0634980297269152
384,-4205,-0.11258960581298538
385,-4195,-0.029681181899050557
386,-4185,0.02735224201487796
387,-4175,0.05276066592880824
388,-4165,0.10179408984274829
389,-4155,0.17970251375668056
390,-4145,0.17436093767061323
391,-4135,0.06726936158455032
392,-4125,0.006302785498483843
393,-4115,0.001711209412412984
394,-4105,0.1287446333263489
395,-4095,0.416653057240282
396,-4085,0.5166864811542098
397,-4075,0.38709490506814603
398,-4065,0.24737832898208012
399,-4055,0.09528675289601551
400,-4045,0.04107017680995284
401,-4035,0.10647860072388937
402,-4025,0.059387024637814534
403,-4015,-0.12520455144825604
404,-4005,-0.1680461275343248
405,-3995,-0.03763770362039054
406,-3985,0.1231457202935502
407,-3975,0.3210541442074728
408,-3965,0.3580875681214124
409,-3955,0.1984959920353475
410,-3945,0.04452941594927751
411,-3935,-0.10256216013678454
412,-3925,-0.22152873622285796
413,-3915,-0.3061203123089271
414,-3905,-0.27596188839499547
415,-3895,-0.10555346448104785
416,-3885,-0.03864504056711837
417,-3875,-0.09823661665318895
418,-3865,-0.17132819273926003
419,-3855,-0.26091976882532464
420,-3845,-0.29313634491138885
421,-3835,-0.2552279209974557
422,-3825,-0.2229444970835317
423,-3815,-0.19753607316959432
424,-3805,-0.14962764925564898
425,-3795,-0.07421922534172865
426,-3785,-0.01681080142778768
427,-3775,0.018597622486147714
428,-3765,0.09563104640007936
429,-3755,0.2235394703140159
430,-3745,0.27607289422794423
431,-3735,0.23648131814187678
432,-3725,0.14513974205581093
433,-3715,-0.00945183403025851
434,-3705,-0.1100434101163259
435,-3695,-0.1446349862023908
436,-3685,-0.11735156228845511
437,-3675,-0.014443138374524267
438,-3665,0.05921528553941613
439,-3655,0.09712370945334214
440,-3645,0.11253213336728152
441,-3635,0.10044055728121037
442,-3625,0.14009898119514475
443,-3615,0.2430074051090756
444,-3605,0.3121658290230087
445,-3595,0.3400742529369438
446,-3585,0.33648267685087774
447,-3575,0.29439110076481256
448,-3565,0.21067452467874404
449,-3555,0.07608294859267772
450,-3545,-0.047258627493391714
451,-3535,-0.15685020357945234
452,-3525,-0.1786917796655203
453,-3515,-0.09328335575158775
454,-3505,0.06975006816233531
455,-3495,0.3276584920762744
456,-3485,0.48881691599019916
457,-3475,0.531725339904142
458,-3465,0.47338376381807734
459,-3455,0.2912921877320045
460,-3445,0.18457561164593983
461,-3435,0.16998403555987096
462,-3425,0.12501745947380272
463,-3415,0.042925883387738395
464,-3405,-0.03916569269833303
465,-3395,-0.12125726878439735
466,-3385,-0.19659884487045787
467,-3375,-0.2636904209565287
468,-3365,-0.2880319970425944
469,-3355,-0.2601235731286593
470,-3345,-0.17821514921472925
471,-3335,-0.0303067253007967
472,-3325,0.10972669861313733
473,-3315,0.2401351225270716
474,-3305,0.37841854644100437
475,-3295,0.526326970354944
476,-3285,0.5943603942688753
477,-3275,0.5647688181828059
478,-3265,0.4879272420967382
479,-3255,0.3533356660106719
480,-3245,0.2772440899246078
481,-3235,0.27265251383853695
482,-3225,0.2736859377524681
483,-3215,0.28159436166640006
484,-3205,0.2557527855803414
485,-3195,0.18866120949427057
486,-3185,0.15194463340819908
487,-3175,0.15235305732213078
488,-3165,0.22701148123606174
489,-3155,0.3924199051500068
490,-3145,0.4205783290639431
491,-3135,0.28098675297787423
492,-3125,0.11889517689180451
493,-3115,-0.07069639919426152
494,-3105,-0.09266297528033363
495,-3095,0.09024544863360262
496,-3085,0.2056538725475363
497,-3075,0.23856229646146687
498,-3065,0.2039707203754091
499,-3055,0.08687914428934107
500,-3045,0.024912568203269814
501,-3035,0.03032099211720407
502,-3025,0.0278544160311327
503,-3015,0.01576283994507577
504,-3005,-0.05370373614099577
505,-2995,-0.19329531222706464
506,-2985,-0.28563688831312817
507,-2975,-0.32022846439919306
508,-2965,-0.2760700404852656
509,-2955,-0.13566161657132625
510,-2945,-0.004253192657394322
511,-2935,0.11615523125653482
512,-2925,0.22081365517047402
513,-2915,0.3062220790844066
514,-2905,0.2937555029983301
515,-2895,0.1616639269122686
516,-2885,0.07794735082620718
517,-2875,0.0533557747401332
518,-2865,0.10301419865406558
519,-2855,0.24342262256799785
520,-2845,0.28483104648192636
521,-2835,0.20523947039586687
522,-2825,0.1458978943097975
523,-2815,0.1113063182237326
524,-2805,0.09021474213766112
525,-2795,0.08562316605160447
526,-2785,0.028156589965533385
527,-2775,-0.09393498612053719
528,-2765,-0.19127656220660327
529,-2755,-0.258368138292667
530,-2745,-0.18933471437873095
531,-2735,0.046073709535207286
532,-2725,0.24548213344913705
533,-2715,0.4008905573630699
534,-2705,0.39204898127700005
535,-2695,0.1824574051909451
536,-2685,-0.01025917089512518
537,-2675,-0.18235074698120002
538,-2665,-0.23519232306726678
539,-2655,-0.14228389915333395
540,-2645,-0.07750047523940395
541,-2635,-0.04709205132547112
542,-2625,-0.04480862741153402
543,-2615,-0.07690020349760118
544,-2605,-0.08874177958366403
545,-2595,-0.07583335566972949
546,-2585,-0.04379993175579955
547,-2575,0.011608492158131867
548,-2565,0.09176691607207488
549,-2555,0.2021753399859989
550,-2545,0.28108376389993595
551,-2535,0.3214921878138668
552,-2525,0.27302561172779605
553,-2515,0.11593403564173599
554,-2505,0.030842459555671553
555,-2495,0.03375088346960098
556,-2485,0.023159307383529892
557,-2475,-0.003932268702534714
558,-2465,-0.07714884478859574
559,-2455,-0.2067404208746666
560,-2445,-0.24745699696073586
561,-2435,-0.1795485730468087
562,-2425,-0.11839014913286405
563,-2415,-0.06548172521893747
564,-2405,0.030176698694994286
565,-2395,0.17808512260892684
566,-2385,0.3473685465228584
567,-2375,0.5427769704367975
568,-2365,0.6988103943507298
569,-2355,0.8067188182646632
570,-2345,0.6592522421785958
571,-2335,0.19966066609253375
572,-2325,-0.001180909993536261
573,-2315,0.11422751392040453
574,-2305,0.13626093783433646
575,-2295,0.04416936174826702
576,-2285,-0.07492221433780344
577,-2275,-0.22701379042386804
578,-2265,-0.24523036650993646
579,-2255,-0.09982194259600163
580,-2245,0.06358648131792677
581,-2235,0.24899490523186785
582,-2225,0.3432783291457966
583,-2215,0.3261867530597371
584,-2205,0.2719701769736602
585,-2195,0.1723786008875976
586,-2185,0.10766202480153453
587,-2175,0.08557044871545827
588,-2165,0.02747887262938775
589,-2155,-0.0746127034566797
590,-2145,-0.14070427954273157
591,-2135,-0.16279585562880072
592,-2125,-0.06901243171486726
593,-2115,0.16639599219906387
594,-2105,0.35230441611300023
595,-2095,0.47771284002693193
596,-2085,0.5637462639408639
597,-2075,0.6016546878547899
598,-2065,0.6103131117687255
599,-2055,0.5832215356826609
600,-2045,0.4998799595965906
601,-2035,0.347788383510526
602,-2025,0.2294468074244591
603,-2015,0.15235523133839024
604,-2005,0.08538865525232353
605,-1995,0.03079707916626262
606,-1985,0.06170550308019784
607,-1975,0.19711392699412045
608,-1965,0.2593973509080669
609,-1955,0.23230577482199521
610,-1945,0.17708919873592777
611,-1935,0.08749762264986316
612,-1925,0.03503104656379463
613,-1915,0.027939470477733153
614,-1905,0.09397289439166201
615,-1895,0.24938131830559485
616,-1885,0.30803974221952757
617,-1875,0.2484481661334641
618,-1865,0.19898159004739568
619,-1855,0.16189001396132596
620,-1845,0.14279843787525692
621,-1835,0.14570686178918635
622,-1825,0.09461528570312794
623,-1815,-0.02247629038294008
624,-1805,-0.1339428664690061
625,-1795,-0.23853444255507128
626,-1785,-0.29025101864114333
627,-1775,-0.2773425947272017
628,-1765,-0.2666841708132708
629,-1755,-0.2587757468993459
630,-1745,-0.24074232298541176
631,-1735,-0.21033389907147892
632,-1725,-0.1619254751575454
633,-1715,-0.09151705124361342
634,-1705,0.013766372670318106
635,-1695,0.16167479658425066
636,-1685,0.28708322049818946
637,-1675,0.38499164441212486
638,-1665,0.3771500683260598
639,-1655,0.24005849223998865
640,-1645,0.1468419161539245
641,-1635,0.10725034006785705
642,-1625,0.07103376398178796
643,-1615,0.03894218789572079
644,-1605,0.018100611809657607
645,-1595,0.011009035723596128
646,-1585,0.09841745963753112
647,-1575,0.3013258835514563
648,-1565,0.5042343074653957
649,-1555,0.7071427313793279
650,-1545,0.7300511552932605
651,-1535,0.5329595792071942
652,-1525,0.36624300312112723
653,-1515,0.23665142703505637
654,-1505,0.1509348509489996
655,-1495,0.11884327486293245
656,-1485,0.06200169877686079
657,-1475,-0.025089877309213193
658,-1465,-0.03680645339527899
659,-1455,0.04360197051866521
660,-1445,0.11838539443259322
661,-1435,0.18629381834652747
662,-1425,0.21257724226045127
663,-1415,0.1879856661743915
664,-1405,0.16339409008832462
665,-1395,0.13880251400225774
666,-1385,0.11421093791618375
667,-1375,0.08961936183011687
668,-1365,0.0650277857440571
669,-1355,0.04043620965799022
670,-1345,0.007969633571917711
671,-1335,-0.03412194251414746
672,-1325,-0.0863385186002148
673,-1315,-0.15093009468628082
674,-1305,-0.21439667077234503
675,-1295,-0.27648824685841333
676,-1285,-0.3059548229444857
677,-1275,-0.2955463990305418
678,-1265,-0.30201297511661096
679,-1255,-0.32910455120267557
680,-1245,-0.30444612728874887
681,-1235,-0.21653770337481149
682,-1225,-0.13312927946087427
683,-1215,-0.055220855546942005
684,-1205,-0.043687431633010476
685,-1195,-0.11327900771907906
686,-1185,-0.15699558380514134
687,-1175,-0.16908715989121248
688,-1165,-0.20367873597728448
689,-1155,-0.2657703120633528
690,-1145,-0.2986118881494164
691,-1135,-0.2957034642354799
692,-1125,-0.32429504032154455
693,-1115,-0.3913866164076154
694,-1105,-0.44610319249368047
695,-1095,-0.4856947685797479
696,-1085,-0.44766134466581775
697,-1075,-0.31475292075187866
698,-1065,-0.21334449683794787
699,-1055,-0.15043607292401617
700,-1045,-0.03352764901007532
701,-1035,0.14938077490385382
702,-1025,0.278289198817788
703,-1015,0.3411976227317197
704,-1005,0.3714810466456484
705,-995,0.3618894705595892
706,-985,0.3804228944735186
707,-975,0.4333313183874523
708,-965,0.41986474230137816
709,-955,0.3252731662153181
710,-945,0.21155659012924843
711,-935,0.0744650140431915
712,-925,-0.05250156204287748
713,-915,-0.16709313812895488
714,-905,-0.2074347142150117
715,-895,-0.15702629030107573
716,-885,-0.09986786638715017
717,-875,-0.03445944247321364
718,-865,0.015198981440725845
719,-855,0.045607405354651576
720,-845,0.12439082926858447
721,-835,0.2622992531825119
722,-825,0.29220767709644235
723,-815,0.19011610101038912
724,-805,0.027274524924315813
725,-795,-0.20981705116174965
726,-785,-0.33328362724782323
727,-775,-0.31787520333388386
728,-765,-0.23834177941994739
729,-755,-0.08043335550600972
730,-745,0.002100068407919764
731,-735,-0.007491507678146547
732,-725,-0.040708083764208425
733,-715,-0.10279965985027673
734,-705,-0.1176412359363539
735,-695,-0.07473281202241822
736,-685,-0.0678243881084839
737,-675,-0.10491596419454652
738,-665,-0.10263254028061652
739,-655,-0.05222411636668056
740,-645,-0.05581569245275375
741,-635,-0.12540726853881523
742,-625,-0.2264988446248779
743,-615,-0.3660904207109468
744,-605,-0.42355699679701786
745,-595,-0.3806485728830822
746,-585,-0.3197401489691458
747,-575,-0.236831725055211
748,-565,-0.14154830114127748
749,-555,-0.031139877227353452
750,-545,0.03651854668657961
751,-535,0.05192697060052609
752,-525,0.04596039451445222
753,-515,0.013868818428385055
754,-505,-0.03284775765768444
755,-495,-0.09743933374375047
756,-485,-0.1687809098298203
757,-475,-0.2483724859158869
758,-465,-0.27508906200195327
759,-455,-0.23718063808802725
760,-445,-0.20264721417408538
761,-435,-0.17223879026015254
762,-425,-0.13170536634621755
763,-415,-0.07879694243229096
764,-405,-0.10013851851834943
765,-395,-0.2122300946044149
766,-385,-0.29394667069048097
767,-375,-0.3385382467765581
768,-365,-0.302129822862625
769,-355,-0.1667213989486882
770,-345,-0.12581297503475497
771,-335,-0.200404551120819
772,-325,-0.2536211272068911
773,-315,-0.28071270329296283
774,-305,-0.22792927937901908
775,-295,-0.0775208554650888
776,-285,-0.028362431551158807
777,-275,-0.10295400763721574
778,-265,-0.2045455837232808
779,-255,-0.3391371598093471
780,-245,-0.39835373589541945
781,-235,-0.3654453119814889
782,-225,-0.36516188806755423
783,-215,-0.4047534641536146
784,-205,-0.3982200402396856
785,-195,-0.3353116163257539
