,time,NGRIP1seierstad14d18O_decavg_d18O__detrendedlinear
0,-8045,-0.14545463131810266
1,-8035,-0.2748104161831293
2,-8025,-0.34016620104814876
3,-8015,-0.3188969859131703
4,-8005,-0.2335027707781947
5,-7995,-0.06973355564321793
6,-7985,0.06478565949175419
7,-7975,0.16355487462674034
8,-7965,0.3084490897617087
9,-7955,0.5097183048966869
10,-7945,0.5321125200316601
11,-7935,0.33588173516663744
12,-7925,0.0957759503016149
13,-7915,-0.19795483456340435
14,-7905,-0.32293561942842786
15,-7895,-0.2416664042934542
16,-7885,-0.21889718915847567
17,-7875,-0.26762797402349037
18,-7865,-0.3062337588885171
19,-7855,-0.33246454375354517
20,-7845,-0.2810703286185685
21,-7835,-0.13480111348359003
22,-7825,-0.023406898348611094
23,-7815,0.04536231678636682
24,-7805,0.15575653192134098
25,-7795,0.3170257470563129
26,-7785,0.43104496219128663
27,-7775,0.4873141773262688
28,-7765,0.45245839246124575
29,-7755,0.30622760759622025
30,-7745,0.1566218227311964
31,-7735,0.002891037866177726
32,-7725,-0.051839746998844305
33,-7715,0.014429468136128776
34,-7705,0.10657368327110817
35,-7695,0.2303428984060858
36,-7685,0.23598711354105717
37,-7675,0.09725632867603906
38,-7665,0.04965054381101908
39,-7655,0.11341975894599443
40,-7645,0.23343897408096836
41,-7635,0.4222081892159437
42,-7625,0.4287274043509228
43,-7615,0.21249661948589704
44,-7605,0.0817658346208745
45,-7595,0.055535049755846444
46,-7585,0.1316792648908205
47,-7575,0.3329484800258058
48,-7565,0.3868426951607802
49,-7555,0.2606119102957578
50,-7545,0.16250612543073117
51,-7535,0.0987753405657017
52,-7525,0.005794555700688875
53,-7515,-0.12293622916433122
54,-7505,-0.24266701402935809
55,-7495,-0.35139779889437506
56,-7485,-0.380253583759405
57,-7475,-0.3114843686244271
58,-7465,-0.17184015348945536
59,-7455,0.054429061645521415
60,-7445,0.2165732767805011
61,-7435,0.30034249191547957
62,-7425,0.2772367070504629
63,-7415,0.1235059221854371
64,-7405,0.019275137320413194
65,-7395,-0.024455647544620263
66,-7385,-0.05356143240963718
67,-7375,-0.06479221727465045
68,-7365,-0.03552300213967641
69,-7355,0.04324621299529241
70,-7345,0.06576542813026975
71,-7335,0.01953464326523857
72,-7325,-0.042446141599775444
73,-7315,-0.12367692646480322
74,-7305,-0.16665771132981888
75,-7295,-0.1628884961948458
76,-7285,-0.19961928105987425
77,-7275,-0.2858500659248904
78,-7265,-0.3450808507899126
79,-7255,-0.37131163565494063
80,-7245,-0.28729242051996806
81,-7235,-0.06852320538499157
82,-7225,0.04899600974999174
83,-7215,0.04276522488496681
84,-7205,-0.051215559980050784
85,-7195,-0.252446344845076
86,-7185,-0.34117712971010405
87,-7175,-0.29240791457512216
88,-7165,-0.24363869944014738
89,-7155,-0.1948694843051726
90,-7145,-0.2349752691701994
91,-7135,-0.3837060540352226
92,-7125,-0.4221868389002381
93,-7115,-0.3259176237652639
94,-7105,-0.2375234086302882
95,-7095,-0.15875419349531228
96,-7085,-0.18123497836033664
97,-7075,-0.32746576322535503
98,-7065,-0.3431965480903827
99,-7055,-0.19942733295540194
100,-7045,-0.09953311782042107
101,-7035,-0.05326390268545822
102,-7025,-0.08349468755046985
103,-7015,-0.2072254724154945
104,-7005,-0.28033125728052255
105,-6995,-0.29156204214554293
106,-6985,-0.24879282701056837
107,-6975,-0.1400236118755842
108,-6965,-0.06950439674060505
109,-6955,-0.045735181605635944
110,-6945,-0.10409096647065752
111,-6935,-0.26282175133568586
112,-6925,-0.29667753620070414
113,-6915,-0.17790832106572907
114,-6905,-0.023139105930752635
115,-6895,0.17563010920422784
116,-6885,0.20564932433920546
117,-6875,0.02941853947417883
118,-6865,-0.09393724539084047
119,-6855,-0.1526680302558674
120,-6845,-0.15627381512089045
121,-6835,-0.09250459998591509
122,-6825,-0.03436038485093462
123,-6815,0.01690883028403789
124,-6805,0.09067804541901836
125,-6795,0.19194726055398803
126,-6785,0.21109147568896702
127,-6775,0.12986069082394636
128,-6765,-0.0042450940410745375
129,-6755,-0.20297587890610203
130,-6745,-0.2993316637711203
131,-6735,-0.27056244863614154
132,-6725,-0.1866682335011589
133,-6715,-0.03539901836619208
134,-6705,0.058495196768781454
135,-6695,0.08226441190375766
136,-6685,0.11278362703873057
137,-6675,0.15155284217371445
138,-6665,0.14532205730868952
139,-6655,0.08409127244366488
140,-6645,0.02848548757864222
141,-6635,-0.020245297286379582
142,-6625,-0.0318510821513982
143,-6615,0.0019181329835760152
144,-6605,0.043562348118548755
145,-6595,0.09483156325352837
146,-6585,0.14160077838850782
147,-6575,0.18286999352348943
148,-6565,0.13751420865845887
149,-6555,-0.013716576206569187
150,-6545,-0.15482236107158798
151,-6535,-0.2835531459366081
152,-6525,-0.3571589308016243
153,-6515,-0.36338971566664924
154,-6505,-0.31674550053168105
155,-6495,-0.20547628539669915
156,-6485,-0.08633207026172585
157,-6475,0.04243714487325434
158,-6465,0.1374563600082297
159,-6455,0.19122557514320704
160,-6445,0.16849479027818148
161,-6435,0.05226400541315712
162,-6425,0.017033220548142936
163,-6415,0.08080243568311829
164,-6405,0.15582165081809052
165,-6395,0.24459086595306445
166,-6385,0.275985081088038
167,-6375,0.2372542962230213
168,-6365,0.17489851135799483
169,-6355,0.08366772649296905
170,-6345,-0.036813058372054286
171,-6335,-0.1930438432370778
172,-6325,-0.2345246281020934
173,-6315,-0.13575541296712146
174,-6305,-0.045986197832149855
175,-6295,0.03278301730282607
176,-6285,0.009177232437806992
177,-6275,-0.13955355242721623
178,-6265,-0.2016593372922415
179,-6255,-0.15789012215726927
180,-6245,-0.12537090702229392
181,-6235,-0.10660169188731317
182,-6225,-0.12045747675232832
183,-6215,-0.17418826161735268
184,-6205,-0.1412940464823791
185,-6195,-0.0025248313474079964
186,-6185,0.04174438378756662
187,-6175,-0.02948640107744893
188,-6165,-0.10296718594246812
189,-6155,-0.17919797080749333
190,-6145,-0.16767875567251878
191,-6135,-0.048909540537543705
192,-6125,0.07323467459743682
193,-6115,0.19950388973241218
194,-6105,0.23689810486738594
195,-6095,0.16566732000236328
196,-6085,0.03931153513734387
197,-6075,-0.15441924972767396
198,-6065,-0.21090003459269724
199,-6055,-0.09963081945772956
200,-6045,-0.0738616043227509
201,-6035,-0.15259238918776674
202,-6025,-0.2526981740527958
203,-6015,-0.3789289589178253
204,-6005,-0.3667847437828513
205,-5995,-0.18551552864787624
206,-5985,-0.11337131351289997
207,-5975,-0.17460209837791751
208,-5965,-0.21670788324293966
209,-5955,-0.23543866810796032
210,-5945,-0.21141945297297582
211,-5935,-0.13515023783799762
212,-5925,-0.09938102270302096
213,-5915,-0.11311180756804617
214,-5905,-0.10659259243306707
215,-5895,-0.07532337729809768
216,-5885,0.022320837836886653
217,-5875,0.2010900529718569
218,-5865,0.37423426810683225
219,-5855,0.5405034832418067
220,-5845,0.5751476983767816
221,-5835,0.4489169135117663
222,-5825,0.25968612864674867
223,-5815,-0.00654465621828848
224,-5805,-0.15240044108330864
225,-5795,-0.15113122594833328
226,-5785,-0.09136201081335571
227,-5775,0.0399072043216222
228,-5765,0.13067641945659858
229,-5755,0.17194563459157308
230,-5745,0.17158984972655134
231,-5735,0.12035906486153891
232,-5725,0.0770032799965108
233,-5715,0.04327249513148246
234,-5705,-0.03545828973354048
235,-5695,-0.16918907459856314
236,-5685,-0.22191985946358272
237,-5675,-0.17565064432859856
238,-5665,-0.1417564291936273
239,-5655,-0.12298721405865365
240,-5645,-0.18971799892367613
241,-5635,-0.3609487837886931
242,-5625,-0.3083045686537247
243,-5615,0.017964646481246405
244,-5605,0.19910886161622443
245,-5595,0.20287807675120462
246,-5585,0.1042722918861898
247,-5575,-0.11945849297883626
248,-5565,-0.22731427784386682
249,-5555,-0.1935450627088926
250,-5545,-0.11140084757391122
251,-5535,0.029868367561071807
252,-5525,0.18688758269604477
253,-5515,0.3631567978310173
254,-5505,0.4066760129659954
255,-5495,0.28794522810097334
256,-5485,0.2040894432359508
257,-5475,0.16285865837092217
258,-5465,0.16662787350590236
259,-5455,0.22539708864088226
260,-5445,0.21554130377585778
261,-5435,0.12181051891084138
262,-5425,0.03257973404581804
263,-5415,-0.051151050819207455
264,-5405,-0.03363183568423267
265,-5395,0.10763737945074325
266,-5385,0.153281594585728
267,-5375,0.08205080972069823
268,-5365,-0.00492997514432858
269,-5355,-0.11116076000934783
270,-5345,-0.15326654487437708
271,-5335,-0.11699732973939803
272,-5325,-0.1651031146044204
273,-5315,-0.31633389946944135
274,-5305,-0.377564684334466
275,-5295,-0.3287954691994912
276,-5285,-0.2609012540645068
277,-5275,-0.16963203892954226
278,-5265,-0.1751128237945636
279,-5255,-0.29884360865958826
280,-5245,-0.3134493935246141
281,-5235,-0.19468017838963192
282,-5225,-0.06916096325465304
283,-5215,0.0646082518803226
284,-5205,0.1005024670152963
285,-5195,0.016771682150270806
286,-5185,-0.016334102714743892
287,-5175,0.012435112420234873
288,-5165,0.146954327555207
289,-5155,0.4107235426901852
290,-5145,0.5091177578251518
291,-5135,0.40538697296013737
292,-5125,0.24990618809511744
293,-5115,0.031175403230093934
294,-5105,-0.09530538163493674
295,-5095,-0.10903616649995485
296,-5085,-0.10589195136497409
297,-5075,-0.08212273623000499
298,-5065,-0.03810352109502446
299,-5055,0.03066569403995345
300,-5045,0.0701849091749267
301,-5035,0.073954124309914
302,-5025,0.08109833944488543
303,-5015,0.09236755457985879
304,-5005,0.11038676971483596
305,-4995,0.1366559848498099
306,-4985,0.15280019998479588
307,-4975,0.15656941511976896
308,-4965,0.11533863025474744
309,-4955,0.019107845389719103
310,-4945,0.0466270605246919
311,-4935,0.22539627565967635
312,-4925,0.36366549079465216
313,-4915,0.4524347059296261
314,-4905,0.4489539210646001
315,-4895,0.3327231361995757
316,-4885,0.26036735133455835
317,-4875,0.24163656646953768
318,-4865,0.20490578160451633
319,-4855,0.14617499673948942
320,-4845,0.0874442118744625
321,-4835,0.028713427009442682
322,-4825,0.038607642144413035
323,-4815,0.13237685727938953
324,-4805,0.1800210724143696
325,-4795,0.17129028754934694
326,-4785,0.14005950268433054
327,-4775,0.08132871781930362
328,-4765,0.061972932954276416
329,-4755,0.09074214808925518
330,-4745,0.12063636322423577
331,-4735,0.15190557835921226
332,-4725,0.13929979349418886
333,-4715,0.07306900862916166
334,-4705,0.009088223764138093
335,-4695,-0.05214256110088655
336,-4685,-0.042498345965903184
337,-4675,0.053770869169071034
338,-4665,0.08141508430404798
339,-4655,0.025184299439018787
340,-4645,-0.061421485426002675
341,-4635,-0.18515227029102022
342,-4625,-0.2155080551560431
343,-4615,-0.13173884002107172
344,-4605,-0.06709462488609574
345,-4595,-0.025825409751114137
346,-4585,0.01769380538387111
347,-4575,0.06396302051884106
348,-4565,0.14398223565381585
349,-4555,0.26525145078878865
350,-4545,0.3662706659237642
351,-4535,0.44253988105874953
352,-4525,0.45580909619372534
353,-4515,0.39207831132870297
354,-4505,0.23834752646367718
355,-4495,-0.02538325840134803
356,-4485,-0.16986404326636517
357,-4475,-0.16859482813138982
358,-4465,-0.15382561299641395
359,-4455,-0.12255639786143746
360,-4445,-0.10141218272645602
361,-4435,-0.09264296759148039
362,-4425,0.03537624754349622
363,-4415,0.3091454626784653
364,-4405,0.4647896778134424
365,-4395,0.47605889294842285
366,-4385,0.35457810808340184
367,-4375,0.0708473232183735
368,-4365,-0.16450846164664767
369,-4355,-0.3407392465116743
370,-4345,-0.41459503137669884
371,-4335,-0.3633258162417192
372,-4325,-0.2535566011067445
373,-4315,-0.07228738597176942
374,-4305,0.05160682916321235
375,-4295,0.1053760442981897
376,-4285,0.149020259433172
377,-4275,0.18028947456814137
378,-4265,0.18343368970311502
379,-4255,0.1522029048380915
380,-4245,0.06472211997306232
381,-4235,-0.09150866489195408
382,-4225,-0.18698944975697884
383,-4215,-0.20822023462199724
384,-4205,-0.16532601948701853
385,-4195,-0.04405680435204573
386,-4185,0.08058741078293963
387,-4175,0.2093566259179127
388,-4165,0.28300084105288903
389,-4155,0.28927005618785984
390,-4145,0.26853927132284383
391,-4135,0.21480848645781947
392,-4125,0.13632770159279772
393,-4115,0.02759691672776654
394,-4105,-0.048508868137254524
395,-4095,-0.08473965300227349
396,-4085,-0.09734543786729688
397,-4075,-0.08107622273231385
398,-4065,-0.145807007597341
399,-4055,-0.3095377924623719
400,-4045,-0.35401857732740183
401,-4035,-0.25274936219241795
402,-4025,-0.1593551470574397
403,-4015,-0.07558593192246121
404,-4005,0.008183283212510162
405,-3995,0.09195249834748864
406,-3985,0.14534671348246775
407,-3975,0.16161592861745078
408,-3965,0.10926014375242232
409,-3955,-0.02697064111259806
410,-3945,-0.09907642597762134
411,-3935,-0.09280721084264343
412,-3925,-0.07641299570767046
413,-3915,-0.047643780572691696
414,-3905,-0.0357495654377189
415,-3895,-0.044480350302741556
416,-3885,-0.1038361351677537
417,-3875,-0.22506692003278062
418,-3865,-0.2619227048978061
419,-3855,-0.19565348976283303
420,-3845,-0.16088427462786115
421,-3835,-0.16461505949287414
422,-3825,-0.19647084435790418
423,-3815,-0.2627016292229243
424,-3805,-0.2591824140879524
425,-3795,-0.17041319895297846
426,-3785,-0.07714398381799725
427,-3775,0.021625231316981797
428,-3765,0.047269446451963404
429,-3755,-0.01646133841307318
430,-3745,-0.11619212327809691
431,-3735,-0.2599229081431105
432,-3725,-0.26865369300813313
433,-3715,-0.11238447787315664
434,-3705,0.08100973726181593
435,-3695,0.31977895239679555
436,-3685,0.44829816753177454
437,-3675,0.4420673826667496
438,-3665,0.4054615978017253
439,-3655,0.3317308129367049
440,-3645,0.33675002807167687
441,-3635,0.43801924320666075
442,-3625,0.4695384583416313
443,-3615,0.41580767347659986
444,-3605,0.2855768886115797
445,-3595,0.06184610374656074
446,-3585,-0.07863468111845862
447,-3575,-0.11736546598348951
448,-3565,-0.07622125084851206
449,-3555,0.06254796428646614
450,-3545,0.17544217942144513
451,-3535,0.2567113945564259
452,-3525,0.21310560969139658
453,-3515,0.01687482482638103
454,-3505,-0.12760596003865032
455,-3495,-0.208836744903671
456,-3485,-0.1775675297686945
457,-3475,-0.008798314633715165
458,-3465,0.06434590050125877
459,-3455,0.020615115636239523
460,-3445,-0.052365669228784384
461,-3435,-0.16109645409380846
462,-3425,-0.1517022389588334
463,-3415,0.002066976176145374
464,-3405,0.13108619131111965
465,-3395,0.2298554064460916
466,-3385,0.2858746215810797
467,-3375,0.28964383671605276
468,-3365,0.22253805185103204
469,-3355,0.06880726698599915
470,-3345,-0.0511735178790218
471,-3335,-0.12990430274403764
472,-3325,-0.04551008760906683
473,-3315,0.2382591275259145
474,-3305,0.4050283426608914
475,-3295,0.4287975577958605
476,-3285,0.33556677293084647
477,-3275,0.09933598806581756
478,-3265,-0.0705197967992035
479,-3255,-0.15925058166423156
480,-3245,-0.2412313665292558
481,-3235,-0.3149621513942691
482,-3225,-0.2998179362592879
483,-3215,-0.17604872112431735
484,-3205,-0.07815450598934603
485,-3195,-0.011885290854365849
486,-3185,-0.029991075719387084
487,-3175,-0.151221860584414
488,-3165,-0.13407764544943745
489,-3155,0.05219156968554017
490,-3145,0.15408578482051638
491,-3135,0.15285499995550111
492,-3125,0.09649921509047488
493,-3115,-0.02723156977454977
494,-3105,-0.05083735463957595
495,-3095,0.047931860495395995
496,-3085,0.11070107563038079
497,-3075,0.12947029076535443
498,-3065,0.10998950590033019
499,-3055,0.04375872103531009
500,-3045,0.011277936170280611
501,-3035,0.02004715130527046
502,-3025,0.025441366440240643
503,-3015,0.026710581575215997
504,-3005,-0.029395203289809047
505,-2995,-0.15562598815483852
506,-2985,-0.18510677301985368
507,-2975,-0.09633755788487974
508,-2965,0.020556657250097032
509,-2955,0.17182587238507097
510,-2945,0.2533450875200458
511,-2935,0.24961430265503282
512,-2925,0.3010085177900095
513,-2915,0.41977773292498455
514,-2905,0.4856719480599594
515,-2895,0.48694116319493475
516,-2885,0.42071037832991465
517,-2875,0.27197959346489853
518,-2865,0.14687380859987087
519,-2855,0.050643023734835424
520,-2845,-0.05908776113017922
521,-2835,-0.18531854599519448
522,-2825,-0.19004933086021936
523,-2815,-0.04628011572525281
524,-2805,0.09748909940972794
525,-2795,0.24125831454469449
526,-2785,0.2804025296796837
527,-2775,0.19167174481465565
528,-2765,0.14456595994963806
529,-2755,0.14833517508461114
530,-2745,0.16897939021958308
531,-2735,0.2102486053545718
532,-2725,0.21214282048954658
533,-2715,0.1659120356245154
534,-2705,0.10843125075948734
535,-2695,0.037200465894464685
536,-2685,-0.026155318970545238
537,-2675,-0.0798861038355696
538,-2665,-0.14374188870059612
539,-2655,-0.21997267356562134
540,-2645,-0.2410784584306498
541,-2635,-0.19480924329565852
542,-2625,-0.13616502816068277
543,-2615,-0.0623958130257094
544,-2605,-0.051626597890738424
545,-2595,-0.11785738275575852
546,-2585,-0.1447131676207789
547,-2575,-0.12344395248580042
548,-2565,-0.11342473735083303
549,-2555,-0.11715552221585313
550,-2545,-0.09388630708088641
551,-2535,-0.03761709194589713
552,-2525,0.015277123189072483
553,-2515,0.06404633832404727
554,-2505,0.09256555345902484
555,-2495,0.09633476859400503
556,-2485,0.04610398372899027
557,-2475,-0.07012680113603409
558,-2465,-0.20660758600106277
559,-2455,-0.36783837086608173
560,-2445,-0.47506915573111286
561,-2435,-0.5162999405961344
562,-2425,-0.5204057254611527
563,-2415,-0.4791365103261782
564,-2405,-0.3411172951912036
565,-2395,-0.08484808005622568
566,-2385,0.12867113507875416
567,-2375,0.2899403502137332
568,-2365,0.35445956534870504
569,-2355,0.3007287804836878
570,-2345,0.20649799561865478
571,-2335,0.06276721075363412
572,-2325,-0.016838574111389448
573,-2315,-0.01806935897641182
574,-2305,0.01782485615856899
575,-2295,0.09909407129354264
576,-2285,0.1421132864285184
577,-2275,0.1383825015634983
578,-2265,0.15152671669847706
579,-2255,0.18529593183345128
580,-2245,0.265190146968429
581,-2235,0.4014593621034095
582,-2225,0.47360357723838575
583,-2215,0.4673727923733608
584,-2205,0.38689200750833663
585,-2195,0.21566122264331256
586,-2185,0.08155543777829166
587,-2175,-0.007175347086736394
588,-2165,-0.1116561319517686
589,-2155,-0.23538691681679325
590,-2145,-0.40074270168179993
591,-2135,-0.6169734865468257
592,-2125,-0.6700792714118506
593,-2115,-0.5238100562768793
594,-2105,-0.37416584114190243
595,-2095,-0.22039662600691656
596,-2085,-0.12287741087194348
597,-2075,-0.09410819573696472
598,-2065,-0.013588980601994649
599,-2055,0.1301802345329861
600,-2045,0.22332444966796317
601,-2035,0.25459366480293966
602,-2025,0.22061287993791723
603,-2015,0.10688209507288349
604,-2005,0.06290131020786305
605,-1995,0.10417052534285176
606,-1985,0.1544397404778266
607,-1975,0.21570895561279713
608,-1965,0.1903531707477697
609,-1955,0.059122385882744766
610,-1945,-0.011358398982267204
611,-1935,-0.007589183847294123
612,-1925,0.06368003128768862
613,-1915,0.21744924642266028
614,-1905,0.37796846155763575
615,-1895,0.5467376766926151
616,-1885,0.5996318918275918
617,-1875,0.5109011069625709
618,-1865,0.4559203220975476
619,-1855,0.4421895372325153
620,-1845,0.39920875236749964
621,-1835,0.3204779675024767
622,-1825,0.21587218263745456
623,-1815,0.07964139777242707
624,-1805,0.007535612907396683
625,-1795,0.013804828042388806
626,-1785,-0.030550956822636977
627,-1775,-0.13678174168766333
628,-1765,-0.20251252655268814
629,-1755,-0.21874331141771108
630,-1745,-0.27547409628272845
631,-1735,-0.3817048811477548
632,-1725,-0.4519356660127798
633,-1715,-0.47816645087780074
634,-1705,-0.3828972357428242
635,-1695,-0.13912802060784202
636,-1685,-0.032608805472868596
637,-1675,-0.09383959033789324
638,-1665,-0.16519537520292005
639,-1655,-0.24892616006793844
640,-1645,-0.2595319449329594
641,-1635,-0.18076272979798347
642,-1625,-0.20324351466301493
643,-1615,-0.34947429952804043
644,-1605,-0.4045800843930536
645,-1595,-0.3483108692580785
646,-1585,-0.1795416541230992
647,-1575,0.12672756101187588
648,-1565,0.38687177614685453
649,-1555,0.5906409912818233
650,-1545,0.5795352064168071
651,-1535,0.3058044215517768
652,-1525,0.05457363668675441
653,-1515,-0.16915714817826455
654,-1505,-0.2511379330432888
655,-1495,-0.15986871790831714
656,-1485,-0.16197450277334013
657,-1475,-0.2782052876383645
658,-1465,-0.33593607250338664
659,-1455,-0.32216685736840844
660,-1445,-0.30839764223342314
661,-1435,-0.29462842709845205
662,-1425,-0.18523421196347556
663,-1415,0.04103500317149411
664,-1405,0.22230421830646918
665,-1395,0.34857343344145164
666,-1385,0.33871764857643427
667,-1375,0.16248686371140764
668,-1365,0.06838107884638589
669,-1355,0.0746502939813567
670,-1345,0.04491950911634035
671,-1335,-0.028811275748680032
672,-1325,-0.004667060613698482
673,-1315,0.13910215452126806
674,-1305,0.25249636965624944
675,-1295,0.32876558479122764
676,-1285,0.3060347999262021
677,-1275,0.1623040150611743
678,-1265,0.06244823019615353
679,-1255,0.016217445331129454
680,-1245,-0.015388339533892292
681,-1235,-0.0291191243989104
682,-1225,-0.015849909263934592
683,-1215,0.030419305871035363
684,-1205,0.06318852100601902
685,-1195,0.07945773614099494
686,-1185,0.06310195127596785
687,-1175,0.006871166410938656
688,-1165,-0.03135961845408275
689,-1155,-0.04759040331910569
690,-1145,-0.06382118818412863
691,-1135,-0.08005197304914446
692,-1125,-0.1345327579141795
693,-1115,-0.2357635427792033
694,-1105,-0.2796193276442196
695,-1095,-0.25335011250923856
696,-1085,-0.23608089737425786
697,-1075,-0.22981168223928705
698,-1065,-0.23254246710430948
699,-1055,-0.2462732519693347
700,-1045,-0.16887903683434757
701,-1035,0.01989017830062778
702,-1025,0.17040939343560524
703,-1015,0.27417860857057264
704,-1005,0.32732282370554344
705,-995,0.3185920388405279
706,-985,0.2873612539754973
707,-975,0.22863046911047746
708,-965,0.20364968424545538
709,-955,0.2199188993804242
710,-945,0.15293811451541472
711,-935,-0.015792670349611626
712,-925,-0.18114845521463252
713,-915,-0.3423792400796657
714,-905,-0.377610024944687
715,-895,-0.2588408098097048
716,-885,-0.14007159467472974
717,-875,-0.021302379539754668
718,-865,0.02884183559522313
719,-855,-0.0048889492698052095
720,-845,-0.047619734134826786
721,-835,-0.10135051899984404
722,-825,-0.13370630386486937
723,-815,-0.1399370887298943
724,-805,-0.14054287359491013
725,-795,-0.13427365845993222
726,-785,-0.15050444332496937
727,-775,-0.1942352281899815
728,-765,-0.19634101305501162
729,-755,-0.14757179792002972
730,-745,-0.07517758278504516
731,-735,0.02609163234992451
732,-725,0.024985847484899182
733,-715,-0.10124493738012319
734,-705,-0.18022572224515443
735,-695,-0.20145650711017282
736,-685,-0.16081229197519775
737,-675,-0.0445430768402133
738,-665,0.06722613829475677
739,-655,0.173495353429729
740,-645,0.09413956856471373
741,-635,-0.21209121630031547
742,-625,-0.4001970011653313
743,-615,-0.44392778603036476
744,-605,-0.2907835708953854
745,-595,0.10298564423959533
746,-585,0.2875048593745717
747,-575,0.21627407450954195
748,-565,0.15741828964451798
749,-555,0.11368750477950584
750,-545,0.1532067199144862
751,-535,0.294475935049455
752,-525,0.3626201501844406
753,-515,0.341389365319408
754,-505,0.2301585804543862
755,-495,0.008927795589364962
756,-485,-0.1054279892756611
757,-475,-0.08915877414067808
758,-465,0.026110440994294493
759,-455,0.2623796561292693
760,-445,0.3073988712642475
761,-435,0.1186680863992251
762,-425,-0.06106269846578982
763,-415,-0.22979348333082328
764,-405,-0.23202426819585042
765,-395,-0.030755053060865123
766,-385,0.06813916207411097
767,-375,0.041908377209082914
768,-365,-0.007947407655940708
769,-355,-0.08667819252096365
770,-345,-0.08553397738597823
771,-335,0.013235237748993711
772,-325,-0.020745547116035823
773,-315,-0.21697633198105848
774,-305,-0.33108211684608335
775,-295,-0.34481290171109436
776,-285,-0.3416686865761207
777,-275,-0.3178994714411516
778,-265,-0.3008802563061721
779,-255,-0.29211104117119646
780,-245,-0.26084182603621286
781,-235,-0.20207261090124007
782,-225,-0.21755339576626653
783,-215,-0.3237841806312858
784,-205,-0.30288996549631264
785,-195,-0.12662075036132592
