time,tian22ht115kaallgmst
-7945,-0.15834021143759358
-7935,-0.15923227839316034
-7925,-0.18548540644491673
-7915,-0.16143555216635264
-7905,-0.2813334899410105
-7895,-0.1528120475276804
-7885,-0.1646443801387658
-7875,-0.23435339503134323
-7865,-0.13012718729818928
-7855,-0.11877722315634287
-7845,-0.1317588286861291
-7835,-0.22516064219320775
-7825,-0.19537119440878392
-7815,-0.1550313430293908
-7805,-0.061911531017670995
-7795,-0.20043491892660725
-7785,-0.10192875437582494
-7775,-0.13932146601523065
-7765,-0.08950419001425303
-7755,-0.17250084452475178
-7745,-0.1288034873470174
-7735,-0.037108941601166734
-7725,-0.09317793421591425
-7715,-0.10319265894735885
-7705,-0.12489561610067845
-7695,-0.0986836867793901
-7685,-0.15061144404257298
-7675,-0.15595221094931233
-7665,-0.14744352869833577
-7655,-0.1176463561519494
-7645,-0.11752161555136276
-7635,-0.14965605311239827
-7625,-0.15331091456259394
-7615,-0.16493296198691
-7605,-0.13359503321493627
-7595,-0.1666325049861772
-7585,-0.1733169036372999
-7575,-0.1658637481197225
-7565,-0.2163988547786584
-7555,-0.20217833094442916
-7545,-0.2818058448299272
-7535,-0.2247966247066362
-7525,-0.22769217066610814
-7515,-0.2816196876033654
-7505,-0.3380324798091756
-7495,-0.25277456812704635
-7485,-0.37454323344076634
-7475,-0.36810144953573776
-7465,-0.4449252562984327
-7455,-0.4326312499507772
-7445,-0.33112406306112874
-7435,-0.3863137679561479
-7425,-0.32763609461630416
-7415,-0.3973854499324663
-7405,-0.42986473612631393
-7395,-0.3532651381954057
-7385,-0.3184515433772912
-7375,-0.3329266982539991
-7365,-0.3886283355220659
-7355,-0.2936241584285604
-7345,-0.2665115790828576
-7335,-0.3828607993587365
-7325,-0.2699489074214796
-7315,-0.2923159080013136
-7305,-0.2204060988887644
-7295,-0.282388730572114
-7285,-0.27070812754477025
-7275,-0.3091983275874952
-7265,-0.25202536158407796
-7255,-0.24753279261435068
-7245,-0.3279805617793894
-7235,-0.30353369288290644
-7225,-0.2833850341304647
-7215,-0.27779593043173456
-7205,-0.3055189567073686
-7195,-0.2772977309688436
-7185,-0.3168951468929162
-7175,-0.30159687571371663
-7165,-0.3321564155086385
-7155,-0.31424927286947835
-7145,-0.17914108805502416
-7135,-0.218753667400728
-7125,-0.2779120879634718
-7115,-0.20247854761923456
-7105,-0.27497553400839436
-7095,-0.22559237055624592
-7085,-0.34466452174032725
-7075,-0.27989248804892064
-7065,-0.24826044611776865
-7055,-0.2731752830013132
-7045,-0.2440453010066843
-7035,-0.26453222803915644
-7025,-0.26789745859945846
-7015,-0.25401396326864756
-7005,-0.24225687556112874
-6995,-0.15802301935995722
-6985,-0.2662650542720666
-6975,-0.3048495727046827
-6965,-0.2765376525386678
-6955,-0.27225460581625605
-6945,-0.3478745894893507
-6935,-0.31276907496298456
-6925,-0.2155929999812951
-6915,-0.28409685664023065
-6905,-0.2755285697444787
-6895,-0.20157885126913655
-6885,-0.21426434092367685
-6875,-0.22158445887411737
-6865,-0.24436020426596272
-6855,-0.2152967887386179
-6845,-0.18532747797812021
-6835,-0.19182943873251546
-6825,-0.2504417853816854
-6815,-0.2432424979671346
-6805,-0.22309193186606002
-6795,-0.27094683222616744
-6785,-0.17623810343588353
-6775,-0.2011434989436971
-6765,-0.16330179743612838
-6755,-0.2156058745845666
-6745,-0.23351940684164596
-6735,-0.2537724929317342
-6725,-0.12951845698202646
-6715,-0.22200092844809127
-6705,-0.178134770916353
-6695,-0.21773056559408666
-6685,-0.20194029383505452
-6675,-0.3372730689510206
-6665,-0.29016308359945775
-6655,-0.2844362693294382
-6645,-0.32666449122274877
-6635,-0.15221476130331624
-6625,-0.1915536361202097
-6615,-0.2577092605098592
-6605,-0.18334421686972213
-6595,-0.24695457987631464
-6585,-0.22090220026816
-6575,-0.26940130762899983
-6565,-0.31492647700155807
-6555,-0.26448006205404795
-6545,-0.19352268748129475
-6535,-0.25053200297201705
-6525,-0.2451341109737264
-6515,-0.285665269420992
-6505,-0.2426617103084432
-6495,-0.272755094097505
-6485,-0.17576784663046396
-6475,-0.20748447947348225
-6465,-0.21505674891317916
-6455,-0.14190067820395136
-6445,-0.19702448420370722
-6435,-0.2185080008968221
-6425,-0.23300261072958506
-6415,-0.1993194060787058
-6405,-0.2501123862727983
-6395,-0.21757883601034678
-6385,-0.15106892161215413
-6375,-0.24109510950888158
-6365,-0.21965002589071858
-6355,-0.3051930861934533
-6345,-0.2472954230769968
-6335,-0.24595636896933115
-6325,-0.21921963267172373
-6315,-0.21617559962118627
-6305,-0.29858593516195775
-6295,-0.1604196982845174
-6285,-0.13938612513388193
-6275,-0.14966787867392206
-6265,-0.1399568038448198
-6255,-0.12887129359091354
-6245,-0.24513592295492792
-6235,-0.18213619761313105
-6225,-0.1945703940852983
-6215,-0.17882895045126546
-6205,-0.2099782424434533
-6195,-0.15411209635580647
-6185,-0.19204058222616815
-6175,-0.13907398753012323
-6165,-0.24419722132528854
-6155,-0.17846264414633417
-6145,-0.17701477579916514
-6135,-0.11480803065146006
-6125,-0.09259123377646006
-6115,-0.10742811732138158
-6105,-0.12728724055136276
-6095,-0.12197918467367685
-6085,-0.1884851890071726
-6075,-0.19483046107138158
-6065,-0.08476824335897959
-6055,-0.16832108073080576
-6045,-0.07545609049643076
-6035,-0.11402487330282796
-6025,-0.005203099773774866
-6015,-0.08579706721151936
-6005,-0.10960964732016087
-5995,-0.06705135874594248
-5985,-0.10912842326010264
-5975,-0.09533390574301315
-5965,-0.10565580897177362
-5955,-0.22160334162558115
-5945,-0.12175211481894088
-5935,-0.2706055121883253
-5925,-0.18133253626669443
-5915,-0.2161404090389123
-5905,-0.20717749171103073
-5895,-0.15387463145102132
-5885,-0.16328453593100178
-5875,-0.08498549036825764
-5865,-0.11318726115072764
-5855,-0.08559841685141123
-5845,-0.0957042174800744
-5835,-0.1790192084773885
-5825,-0.21409105830038655
-5815,-0.1016488509639597
-5805,-0.11964888148153818
-5795,-0.13275627665365697
-5785,-0.1611201720699178
-5775,-0.16591229014242792
-5765,-0.05658821635092259
-5755,-0.02786783747519017
-5745,-0.0923512893184526
-5735,-0.09633898310507405
-5725,-0.13001617960775924
-5715,-0.18997835688437092
-5705,-0.2144402938350538
-5695,-0.13967651896322764
-5685,-0.118487592266451
-5675,-0.07688660197104014
-5665,-0.0775812583431108
-5655,-0.07774242930258346
-5645,-0.15200590662802327
-5635,-0.12468990855063034
-5625,-0.11837353281820917
-5615,-0.11958803706015253
-5605,-0.16391043238485814
-5595,-0.049842496441256046
-5585,-0.10766167216146982
-5575,-0.07699131541098225
-5565,-0.11452946238363815
-5555,-0.09926876597250534
-5545,-0.16499275736654795
-5535,-0.13493437342489756
-5525,-0.04901041560019159
-5515,-0.1089331107601037
-5505,-0.09001841120566034
-5495,-0.12116570048178232
-5485,-0.14154676966513158
-5475,-0.06743034891928268
-5465,-0.10817942194784713
-5455,-0.07925438456381428
-5445,-0.13064608149374557
-5435,-0.18761715464438034
-5425,-0.12091011576498545
-5415,-0.08619265131796361
-5405,-0.13020224146688975
-5395,-0.09437765650595331
-5385,-0.07487759165609909
-5375,-0.10521387629355061
-5365,-0.12798075251425267
-5355,-0.08849510722006393
-5345,-0.12144541315878499
-5335,-0.07884850077475214
-5325,-0.12125200800741709
-5315,-0.026707215832123765
-5305,-0.057723660992037296
-5295,-0.09617962412680292
-5285,-0.04506992869223225
-5275,-0.02630524210775853
-5265,-0.1022842841609819
-5255,-0.0922415214046346
-5245,-0.07845768503988815
-5235,-0.10134148173178303
-5225,-0.17046608500326776
-5215,-0.059351583050142764
-5205,-0.09101318888510335
-5195,-0.07950005106772018
-5185,-0.04706291727865697
-5175,-0.08784184031332565
-5165,-0.09129290156210423
-5155,-0.0969854789241662
-5145,-0.12572159342611933
-5135,-0.0857177215083933
-5125,-0.10134424738730097
-5115,-0.04039177470053268
-5105,-0.04902424387777948
-5095,-0.11229261927450729
-5085,-0.09524426035727096
-5075,-0.09572996668661737
-5065,-0.11947178416098225
-5055,-0.08195986323202753
-5045,-0.12400259547079706
-5035,-0.09174894862021077
-5025,-0.038987680004487046
-5015,-0.09219278864706659
-5005,-0.06400217585409784
-4995,-0.050876756237398624
-4985,-0.08312534861410725
-4975,-0.04635529093588353
-4965,0.023609117938628188
-4955,-0.062476106212983495
-4945,-0.05037893824423456
-4935,-0.038421865032564284
-4925,-0.026968904064545995
-4915,-0.034149308727633
-4905,0.0004734558597707661
-4895,0.03987479634438884
-4885,-0.022101159618745925
-4875,-0.04715447001303197
-4865,-0.031957097576508886
-4855,-0.023551984356293687
-4845,0.04051909871255255
-4835,-0.00275148920859003
-4825,-0.04153217844809198
-4815,0.006421522571196547
-4805,-0.0838398414119581
-4795,0.032696299029936426
-4785,-0.015122170971284987
-4775,-0.0901037650569787
-4765,-0.02829184107626581
-4755,-0.017588086651215917
-4745,-0.013679643200289249
-4735,-0.02463869623983861
-4725,-0.008802457378754625
-4715,-0.027720304058442835
-4705,-0.025150819347748765
-4695,-0.0789580779537058
-4685,0.06456723637734818
-4675,-0.03631176524008417
-4665,0.022645239307035325
-4655,0.08267560429727006
-4645,-0.031086106823336124
-4635,-0.029275937603364
-4625,0.13041310734902822
-4615,0.04420781560098064
-4605,0.1031133217350142
-4595,0.12777286000405752
-4585,0.05632720418130255
-4575,0.020789865924466966
-4565,-0.10541891627157796
-4555,-0.049365754650484206
-4545,-0.025480123089204554
-4535,-0.07325014643515182
-4525,0.03550868458901846
-4515,-0.0887172179683553
-4505,-0.12569908671225072
-4495,-0.1278096633418908
-4485,-0.11065535120810033
-4475,-0.034074731396088964
-4465,-0.11551718287313939
-4455,-0.03591827921713353
-4445,-0.014679189251314284
-4435,-0.04308352045858932
-4425,-0.0096073585018015
-4415,-0.06988243632162572
-4405,0.01958661503945791
-4395,-0.0009362655147420185
-4385,0.07482924885903763
-4375,-0.02168469004477025
-4365,-0.030158658550631046
-4355,0.018898825122464658
-4345,0.005141119433988095
-4335,0.028139643146147364
-4325,-0.03658346705282689
-4315,-0.03562931589926244
-4305,-0.0013368087276326435
-4295,-0.018805261181245925
-4285,0.0034007591739797505
-4275,0.08366599507485795
-4265,-0.031281610058199405
-4255,0.08292165227090287
-4245,0.14829879231606924
-4235,0.033333162738431454
-4225,0.08403516240273845
-4215,0.15690083928262233
-4205,0.08757520146523845
-4195,0.09622216649209392
-4185,0.028945116473783727
-4175,0.05247769780312872
-4165,0.029638342334379786
-4155,0.022608904315580602
-4145,-0.000583406017671706
-4135,0.12638879246865642
-4125,-0.02325157694662572
-4115,-0.1166325049861765
-4105,-0.012431855724702956
-4095,0.0027699989811083015
-4085,-0.058006520794283034
-4075,-0.019310613201509952
-4065,0.03866334386025905
-4055,-0.09506001047934198
-4045,-0.00856508784140253
-4035,-0.07064213328207636
-4025,0.04726405568276881
-4015,0.04103846974526881
-4005,0.017409662677396298
-3995,0.019743589831938024
-3985,-0.03407406382406819
-3975,0.03800616688882208
-3965,0.0907526535526415
-3955,0.09947600789224076
-3945,0.07788930363808966
-3935,0.1108908218876028
-3925,0.016964773608792783
-3915,0.007337336017240403
-3905,0.12105107731973064
-3895,0.028401712848294736
-3885,0.05824723668252396
-3875,0.0827098412052294
-3865,0.1448131126896044
-3855,0.1063599152103567
-3845,0.07218451924478053
-3835,0.10072141118203604
-3825,0.021332220508208266
-3815,0.06489491887246501
-3805,0.03948436207925177
-3795,0.1415482086673876
-3785,0.020937113238920446
-3775,0.07222133107339346
-3765,0.17451768345986807
-3755,0.12051730580483877
-3745,0.1513723892704153
-3735,0.07753587193642986
-3725,0.011199240161527513
-3715,0.10030236668740677
-3705,0.040193514300932875
-3695,0.08776956029092275
-3685,0.1923044724002967
-3675,0.08433652348672283
-3665,0.04236426777993607
-3655,0.1902296585575236
-3645,0.07324634022866583
-3635,0.14342732854043483
-3625,0.12248616643105947
-3615,0.06946311421548224
-3605,0.16273122258340322
-3595,0.14397025532876384
-3585,0.15361285634194743
-3575,0.03125873036538529
-3565,0.02348046727334463
-3555,0.06221299595986807
-3545,-0.06541475825155807
-3535,0.0011294884220252044
-3525,-0.04095406107748545
-3515,0.008975176288236852
-3505,0.05868678517495596
-3495,-0.005541272686372167
-3485,-0.024804730938326358
-3475,0.11545262761269903
-3465,-0.04540352396811009
-3455,0.097442488147367
-3445,0.033085970355619665
-3435,-0.0010545211299763935
-3425,0.0896958870426321
-3415,0.044205049945462704
-3405,-0.012392278240572097
-3395,0.08132892079507315
-3385,0.1380712074772017
-3375,0.1168201965824256
-3365,0.09020762868081533
-3355,0.10670886464272833
-3345,0.08164592213784694
-3335,0.11009641118203639
-3325,0.07191234059487783
-3315,0.270334486438383
-3305,0.1333282036319865
-3295,0.15299897618447744
-3285,0.11800170369302165
-3275,0.022116999103177548
-3265,0.05197806782876491
-3255,0.05761990971719122
-3245,0.0016725105777872784
-3235,0.05827413029824591
-3225,0.020916037036528223
-3215,0.07621779866372513
-3205,-0.06843294672812128
-3195,-0.026673169659028773
-3185,0.12401862569009303
-3175,0.11061053700601065
-3165,0.08782391972695791
-3155,0.11294370122109854
-3145,0.01542096562539541
-3135,0.07048116154824591
-3125,0.13027024693642986
-3115,0.20462680287515056
-3105,0.03856091923867666
-3095,0.04528270192300177
-3085,-0.012164540813813574
-3075,0.060825876666655176
-3065,-0.013045735882172949
-3055,0.059335855914701696
-3045,0.07245545811807119
-3035,0.022688726855863095
-3025,0.08493314213906622
-3015,0.014259199573148251
-3005,0.09849620289956462
-2995,0.09636731572305202
-2985,-0.01429657511557103
-2975,0.03588090367471075
-2965,0.16663194127236736
-2955,0.06385331578408682
-2945,0.08833537526284552
-2935,0.05750117726479864
-2925,0.0592645210758338
-2915,0.09750380940591263
-2905,0.08989415593301153
-2895,0.08496356434975993
-2885,0.12179818577920365
-2875,0.04530692525063884
-2865,-0.009486718700776109
-2855,0.138006739093413
-2845,0.13041854329263103
-2835,0.16581530995522975
-2825,0.06912904210244619
-2815,0.11572404332314967
-2805,0.13310828633462357
-2795,0.09064021535073685
-2785,0.11340203709756302
-2775,0.04976249165688884
-2765,0.10850348897134232
-2755,0.05994315571938991
-2745,0.13345389790688955
-2735,0.2355620903507365
-2725,0.02346826024209392
-2715,0.077099565936674
-2705,0.08114467091714239
-2695,0.10543132252847087
-2685,0.08925157017861807
-2675,0.05322194523965251
-2665,0.18705573506509232
-2655,0.08923201985513174
-2645,0.18195910878335475
-2635,0.1519763512149943
-2625,0.1342938942447791
-2615,0.014128069354642392
-2605,0.05740552373086416
-2595,0.10041013188516068
-2585,0.1387804550663123
-2575,0.060427431537259935
-2565,0.04809565968667506
-2555,0.13802457280312908
-2545,0.09353938527261185
-2535,0.0687357468143599
-2525,0.15484643407021892
-2515,0.14849372334634303
-2505,0.0759235901371138
-2495,0.13067098088418483
-2485,0.1972673935428748
-2475,0.15389838643227982
-2465,0.14903073735391104
-2455,0.09562764592324591
-2445,0.1740617317691946
-2435,0.15541625447427165
-2425,0.20131202168618678
-2415,0.18879676289712322
-2405,0.20595870442544317
-2395,0.11445498891030681
-2385,0.09709020085488795
-2375,0.19174638219033646
-2365,0.15252738423501455
-2355,0.17261634297524786
-2345,0.17989421315347087
-2335,0.1754749817386756
-2325,0.19114995427285564
-2315,0.17488799519692755
-2305,0.13878302998696768
-2295,0.18539452977334392
-2285,0.1888189835086962
-2275,0.20310483403359747
-2265,0.12211938328896998
-2255,0.1855845970646044
-2245,0.16896472401772833
-2235,0.07086434788857865
-2225,0.07643924183999395
-2215,0.10942368931924307
-2205,0.08581204838906764
-2195,0.13028998799478053
-2185,0.05638652272378408
-2175,0.04130940861855947
-2165,0.12096524663125408
-2155,0.1740483803287649
-2145,0.07733903355752325
-2135,0.052702002002348536
-2125,0.030268434955228685
-2115,0.030203489734281774
-2105,0.22329326100503444
-2095,0.1492228073612356
-2085,0.053963045550931454
-2075,0.09372029729043341
-2065,0.115978960467924
-2055,0.1483959717289114
-2045,0.11925826497231817
-2035,0.20282731480752325
-2025,0.10946946568643057
-2015,0.14316821522866618
-2005,0.12955346532021927
-1995,0.08281951375161611
-1985,0.12488246388589275
-1975,0.08282275624429225
-1965,0.05179295964394903
-1955,0.05798678822671377
-1945,0.18764958806191778
-1935,0.1225662750736376
-1925,0.1923446220890188
-1915,0.17442861027871537
-1905,0.22474980778848064
-1895,0.10459313817178106
-1885,0.1181634468570838
-1875,0.08921208806191849
-1865,0.16098428197060954
-1855,0.13168597645913493
-1845,0.08682342000161647
-1835,0.09531169362222158
-1825,0.1576980156437049
-1815,0.08054671712075567
-1805,0.16455321736489736
-1795,0.03413930363809037
-1785,0.0528863472477088
-1775,0.1526832146183157
-1765,0.07406316228066778
-1755,0.06569304890786576
-1745,0.18275323338662552
-1735,0.07333646245156622
-1725,0.06704678960000443
-1715,0.16184363789712286
-1705,0.21090417332803213
-1695,0.15849080510293412
-1685,0.1433256668583045
-1675,0.1760177177921438
-1665,0.14217544026528728
-1655,0.05821814961587357
-1645,0.1762334389225142
-1635,0.13483243413125479
-1625,0.11924443669473028
-1615,0.2167750877872603
-1605,0.1583383125797404
-1595,0.15588155217324662
-1585,0.18558993764077591
-1575,0.16451678700600958
-1565,0.17860942311440908
-1555,0.16784196324502432
-1545,0.1933676285282271
-1535,0.214913420154204
-1525,0.16446805424844158
-1515,0.17093034215127467
-1505,0.16933122105752396
-1495,0.1847502274051802
-1485,0.1911570114627974
-1475,0.1751933617130419
-1465,0.2601576370731493
-1455,0.1140386147037642
-1445,0.15638843007241654
-1435,0.11217990346108841
-1425,0.15511107869302165
-1415,0.19613404698525905
-1405,0.21035781331216263
-1395,0.19388413853799236
-1385,0.21946978993569743
-1375,0.1373820824161669
-1365,0.12757049031411505
-1355,0.14307828374063014
-1345,0.17189460225259268
-1335,0.17651391453896892
-1325,0.12524285741006302
-1315,0.16789336629067897
-1305,0.20389342732583415
-1295,0.14197974629556143
-1285,0.14085612721597052
-1275,0.18053374715005255
-1265,0.1031418365970751
-1255,0.16374841160928177
-1245,0.14752603001748454
-1235,0.10396647877847087
-1225,0.12182193226968252
-1215,0.1725328964725623
-1205,0.2746614021793494
-1195,0.22030053563271856
-1185,0.1451758903995657
-1175,0.17233643956338263
-1165,0.17548308797036505
-1155,0.18670678563271892
-1145,0.14443698353921341
-1135,0.19544988103066885
-1125,0.15703750081216228
-1115,0.16209865040933025
-1105,0.11971469350015163
-1095,0.1362829727665087
-1085,0.19285626835977077
-1075,0.05539021916543341
-1065,0.16917882390176153
-1055,0.21056209035073614
-1045,0.1436377090946337
-1035,0.11367917485391033
-1025,0.2863409561649455
-1015,0.2135894341007365
-1005,0.25186858601724005
-995,0.22417016453896998
-985,0.2612410110965868
-975,0.2253534836307658
-965,0.15322080083047318
-955,0.165460257007231
-945,0.19849877782021963
-935,0.2634629768863821
-925,0.34675164647256373
-915,0.21304555363809108
-905,0.2746852440372596
-895,0.29352393574868607
-885,0.20458350606118536
-875,0.2825375122562548
-865,0.22325931019936895
-855,0.20634799428140127
-845,0.21201415486489772
-835,0.1578461212650435
-825,0.23870616383706533
-815,0.2124411148563521
-805,0.37409730382119655
-795,0.3291150612369673
-785,0.3362994713321825
-775,0.32181783147012233
-765,0.3374942345157752
-755,0.29441552586709463
-745,0.2824394745365275
-735,0.39265609212075603
-725,0.2962265533939501
-715,0.23756432957803142
-705,0.2142327827945838
-695,0.13652501530801153
-685,0.21512637562905645
-675,0.11429315037881338
-665,0.10131183095132279
-655,0.1721789879337443
-645,0.28385634846841334
-635,0.16724620289956427
-625,0.23484673924600052
-615,0.15614037938271963
-605,0.16654744572793412
-595,0.2974714798465872
-585,0.2445440811649462
-575,0.3035482925907278
-565,0.2396243614689002
-555,0.2017583412662649
-545,0.15978179402505255
-535,0.21455445714150834
-525,0.21434350438271998
-515,0.20379500813638174
-505,0.2247116608158244
-495,0.2651094955936575
-485,0.231500296069731
-475,0.35347028203164577
-465,0.3790488762394091
-455,0.37961125798379314
-445,0.3108862442508826
-435,0.24960790105019903
-425,0.32173619694863653
-415,0.3323706192508826
-405,0.26132808156167364
-395,0.39882893986855983
-385,0.3506201309696326
-375,0.3817919296756873
-365,0.2866941971317427
-355,0.3423769516483439
-345,0.26153426594888174
-335,0.20624003834878302
-325,0.23606830067788565
-315,0.30032611317788493
-305,0.27679906315957403
-295,0.25140967793618607
-285,0.25895200200234747
-275,0.29924693532144
-265,0.2853813690677782
-255,0.24880881734048366
-245,0.3556479019657264
-235,0.3003262085453162
-225,0.262917570544829
-215,0.2867991966739787
-205,0.3666985077396525
