,time,vieira11tsianom1kyrfir
0,-7945.0,-0.00662187410408378
1,-7935.0,-0.1762343827253825
2,-7925.0,-0.2297909081881742
3,-7915.0,-0.11323635004945998
4,-7905.0,0.20839258382851622
5,-7895.0,0.630046739512933
6,-7885.0,0.6393808522740396
7,-7875.0,0.2649260324844642
8,-7865.0,0.10405827799731886
9,-7855.0,0.1470871622026606
10,-7845.0,0.14066485143301016
11,-7835.0,0.09141557055335732
12,-7825.0,0.10466429823997493
13,-7815.0,0.21599024891664564
14,-7805.0,0.3153560964117562
15,-7795.0,0.12794543180707313
16,-7785.0,-0.011930853094228738
17,-7775.0,0.18549953334244462
18,-7765.0,0.26942745836416954
19,-7755.0,0.10743719288556758
20,-7745.0,0.061864204564928
21,-7735.0,0.11252136217520525
22,-7725.0,0.157816132311226
23,-7715.0,0.23411799505433034
24,-7705.0,0.29163012743871186
25,-7695.0,0.22110397249667324
26,-7685.0,0.03782648512829684
27,-7675.0,-0.15188405113428635
28,-7665.0,-0.2459186431874618
29,-7655.0,-0.1923743536494657
30,-7645.0,-0.03330600861073424
31,-7635.0,0.1389257292087247
32,-7625.0,0.14102840622146287
33,-7615.0,-0.012820564900745596
34,-7605.0,-0.01418853964790065
35,-7595.0,0.037347284149049614
36,-7585.0,-0.10207642332596234
37,-7575.0,-0.2852282015283433
38,-7565.0,-0.42693665814718657
39,-7555.0,-0.40229291427008296
40,-7545.0,-0.11864645459284207
41,-7535.0,0.25509430570730934
42,-7525.0,0.3632899800195688
43,-7515.0,0.09425380946881144
44,-7505.0,-0.07804779906050978
45,-7495.0,-0.001828501891859161
46,-7485.0,0.03945269945641594
47,-7475.0,0.01534191794290106
48,-7465.0,0.017687576611963317
49,-7455.0,0.10428412480942997
50,-7445.0,0.1691846858423337
51,-7435.0,-0.10517776431181636
52,-7425.0,-0.4677748173344997
53,-7415.0,-0.5313290241771416
54,-7405.0,-0.3429993151921832
55,-7395.0,-0.0458061557726582
56,-7385.0,0.09500629217669404
57,-7375.0,-0.011124653221134321
58,-7365.0,-0.06445392197093908
59,-7355.0,0.164449063382681
60,-7345.0,0.3223875893112059
61,-7335.0,0.1687512468980804
62,-7325.0,-0.004157761921047443
63,-7315.0,-0.07566536812043428
64,-7305.0,-0.02640804478346659
65,-7295.0,0.06683895865326228
66,-7285.0,0.09654431714726548
67,-7275.0,0.023465233399556112
68,-7265.0,-0.11801728685222901
69,-7255.0,-0.23256490559885667
70,-7245.0,-0.2916016017506059
71,-7235.0,-0.2353532542095719
72,-7225.0,-0.12739283002819482
73,-7215.0,-0.13135407386553286
74,-7205.0,-0.1800190699451486
75,-7195.0,-0.09540752715393502
76,-7185.0,-0.03184309950737305
77,-7175.0,-0.025645364077901328
78,-7165.0,-0.12738553137106318
79,-7155.0,-0.3382492510799418
80,-7145.0,-0.3357167510941472
81,-7135.0,-0.09471349418687708
82,-7125.0,0.22020288229819354
83,-7115.0,0.43531389918053
84,-7105.0,0.3386385325538146
85,-7095.0,0.0359311199597709
86,-7085.0,-0.02166989258159302
87,-7075.0,0.1693882007393189
88,-7065.0,0.32282168305754566
89,-7055.0,0.3660345682646064
90,-7045.0,0.33592469817697607
91,-7035.0,0.21784184800698636
92,-7025.0,0.0546628557250555
93,-7015.0,-0.04117358451569436
94,-7005.0,-0.09854445784979149
95,-6995.0,-0.13514200241883326
96,-6985.0,-0.11672212818448482
97,-6975.0,-0.04526022791282751
98,-6965.0,0.04215868666874038
99,-6955.0,0.03612921086985478
100,-6945.0,-0.03957677940980591
101,-6935.0,-0.015198019154927266
102,-6925.0,0.0849254344683422
103,-6915.0,0.10427283934874831
104,-6905.0,0.030213810345498485
105,-6895.0,-0.0687971642796112
106,-6885.0,-0.10265593851678775
107,-6875.0,-0.055384919168728855
108,-6865.0,-0.08437236305796172
109,-6855.0,-0.1749676097846731
110,-6845.0,-0.0863989604367652
111,-6835.0,0.16319623640937836
112,-6825.0,0.4253732029199799
113,-6815.0,0.43200349308274544
114,-6805.0,0.0610410585660732
115,-6795.0,-0.17037325013490986
116,-6785.0,-0.11547984247832457
117,-6775.0,0.12179513418657448
118,-6765.0,0.2191241383005387
119,-6755.0,-0.002839752737453932
120,-6745.0,-0.10009104128209363
121,-6735.0,-0.13758564769581044
122,-6725.0,-0.2920693619477055
123,-6715.0,-0.2606673747375891
124,-6705.0,0.08356974375715209
125,-6695.0,0.33583197288187594
126,-6685.0,0.19164379872159742
127,-6675.0,-0.053665448192860316
128,-6665.0,-0.20241599600067206
129,-6655.0,-0.18891980085608207
130,-6645.0,-0.17161260894424954
131,-6635.0,-0.23597875047557187
132,-6625.0,-0.22891699731125253
133,-6615.0,-0.134516412865812
134,-6605.0,-0.031993022407338534
135,-6595.0,0.08271760110295057
136,-6585.0,0.2245227729172785
137,-6575.0,0.18432351932547605
138,-6565.0,0.043427643324993104
139,-6555.0,0.027290624602568776
140,-6545.0,0.04435924282892152
141,-6535.0,0.06833614659985687
142,-6525.0,0.15049009288203657
143,-6515.0,0.2325949660946147
144,-6505.0,0.12587763359931534
145,-6495.0,-0.05494478096791387
146,-6485.0,-0.06906380144415415
147,-6475.0,0.007113452699985694
148,-6465.0,0.08246516526627319
149,-6455.0,0.06354442558440737
150,-6445.0,-0.061136037067688206
151,-6435.0,-0.00915566713870601
152,-6425.0,0.1600371237895017
153,-6415.0,0.02901295787617511
154,-6405.0,-0.27230563469030034
155,-6395.0,-0.3340760992733254
156,-6385.0,-0.1945031370835402
157,-6375.0,0.09410661699308326
158,-6365.0,0.31811836043609415
159,-6355.0,0.19979341553285318
160,-6345.0,0.10711943217279361
161,-6335.0,0.24102766415876067
162,-6325.0,0.2845819422093319
163,-6315.0,0.07719386472738599
164,-6305.0,-0.14560864745596266
165,-6295.0,-0.2911688948960348
166,-6285.0,-0.4348632600801579
167,-6275.0,-0.5156012818066152
168,-6265.0,-0.46142829121999707
169,-6255.0,-0.2707541660103072
170,-6245.0,-0.03131043002679401
171,-6235.0,0.16902843308752424
172,-6225.0,0.2847029337112572
173,-6215.0,0.19186841905747465
174,-6205.0,-0.0889615856218901
175,-6195.0,-0.21409280269473682
176,-6185.0,-0.23426548117377183
177,-6175.0,-0.4395885750145898
178,-6165.0,-0.5567711676727962
179,-6155.0,-0.2637719985193179
180,-6145.0,0.1635990454660669
181,-6135.0,0.3653068798001353
182,-6125.0,0.25094349773620245
183,-6115.0,-0.044902976899294386
184,-6105.0,-0.13057871385841957
185,-6095.0,-0.062382821094526336
186,-6085.0,0.04717819070352183
187,-6075.0,0.30527848684534903
188,-6065.0,0.37170080370327085
189,-6055.0,0.27527893409492427
190,-6045.0,0.3618725996364913
191,-6035.0,0.41212549699380463
192,-6025.0,0.3763267988457173
193,-6015.0,0.4105185089391963
194,-6005.0,0.23805395106251825
195,-5995.0,-0.17241931351828058
196,-5985.0,-0.28136605154600797
197,-5975.0,0.019359972263949768
198,-5965.0,0.3023286656824197
199,-5955.0,0.21488223942376
200,-5945.0,0.011317528247818315
201,-5935.0,-0.12267448018104654
202,-5925.0,-0.24846421491729087
203,-5915.0,-0.35769971317820987
204,-5905.0,-0.4176241008095032
205,-5895.0,-0.4375479802947879
206,-5885.0,-0.425374838342617
207,-5875.0,-0.333759901254748
208,-5865.0,-0.2674847730368021
209,-5855.0,-0.2521247353658912
210,-5845.0,-0.1978917282195226
211,-5835.0,-0.008452672224318392
212,-5825.0,0.22995905298420236
213,-5815.0,0.33449057084664213
214,-5805.0,0.38751549542555314
215,-5795.0,0.45053855279496074
216,-5785.0,0.47579333367889476
217,-5775.0,0.42654054675986236
218,-5765.0,0.2909224730500847
219,-5755.0,0.09290857346194106
220,-5745.0,-0.06579951819592986
221,-5735.0,-0.08500482152408258
222,-5725.0,-0.06608252884790002
223,-5715.0,-0.05603823572732796
224,-5705.0,0.0009086121346050836
225,-5695.0,0.11832797956419594
226,-5685.0,0.22466551139604207
227,-5675.0,0.27454848730019854
228,-5665.0,0.15047337600098099
229,-5655.0,-0.053511074365803185
230,-5645.0,-0.06711986129752676
231,-5635.0,0.08495993549297398
232,-5625.0,0.18419939607299912
233,-5615.0,0.08686714519361866
234,-5605.0,-0.1321160891509528
235,-5595.0,-0.3722868033602432
236,-5585.0,-0.5637019667759879
237,-5575.0,-0.5986162593596669
238,-5565.0,-0.4678201853584857
239,-5555.0,-0.2652051294843774
240,-5545.0,-0.0785218577209682
241,-5535.0,0.08619401602736246
242,-5525.0,0.18734052627316705
243,-5515.0,0.2787940061054495
244,-5505.0,0.40400229634754936
245,-5495.0,0.2904248160650493
246,-5485.0,0.017661267371059886
247,-5475.0,-0.15729376132803657
248,-5465.0,-0.26507382761108866
249,-5455.0,-0.3549650833848266
250,-5445.0,-0.4369680974298542
251,-5435.0,-0.38317277921993326
252,-5425.0,-0.1587687352371985
253,-5415.0,0.08916662066530134
254,-5405.0,0.19349034724239636
255,-5395.0,0.21404960247929816
256,-5385.0,0.33062909759367687
257,-5375.0,0.4737082127421498
258,-5365.0,0.524709265964058
259,-5355.0,0.5654914062693561
260,-5345.0,0.5206376586880337
261,-5335.0,0.19189245355949747
262,-5325.0,-0.22280830763041443
263,-5315.0,-0.4399481599076417
264,-5305.0,-0.5149223239078957
265,-5295.0,-0.5447154454852243
266,-5285.0,-0.5473426359993444
267,-5275.0,-0.5037575530621718
268,-5265.0,-0.4352646746771869
269,-5255.0,-0.3737751245761295
270,-5245.0,-0.29643653649072876
271,-5235.0,-0.22311182520261993
272,-5225.0,-0.18865500717524814
273,-5215.0,-0.21439077651705246
274,-5205.0,-0.20444202418993082
275,-5195.0,-0.025608676222142024
276,-5185.0,0.18215241346538047
277,-5175.0,0.301949729337364
278,-5165.0,0.44158966871348715
279,-5155.0,0.48672563642577504
280,-5145.0,0.31951246780344994
281,-5135.0,0.14443093401206153
282,-5125.0,0.07891374016832417
283,-5115.0,0.24189757040996443
284,-5105.0,0.5581569204453223
285,-5095.0,0.594576522245603
286,-5085.0,0.3963564596461837
287,-5075.0,0.2619917747013971
288,-5065.0,0.17748185525222304
289,-5055.0,0.014882189132395224
290,-5045.0,-0.20220150001655524
291,-5035.0,-0.2759490904863039
292,-5025.0,-0.13301093960209012
293,-5015.0,0.14413007531373628
294,-5005.0,0.28578404728370804
295,-4995.0,0.2190188587681693
296,-4985.0,0.06916062580813179
297,-4975.0,-0.108958064809905
298,-4965.0,-0.19393159984087485
299,-4955.0,-0.13749622838566572
300,-4945.0,0.012987954722426809
301,-4935.0,0.1925688716842561
302,-4925.0,0.27874897229183115
303,-4915.0,0.26258053876250614
304,-4905.0,0.3140801873601778
305,-4895.0,0.39383685881797603
306,-4885.0,0.30290974414510474
307,-4875.0,0.022818278901682865
308,-4865.0,-0.22145361881438994
309,-4855.0,-0.3018583893753316
310,-4845.0,-0.37816590380753856
311,-4835.0,-0.5644778039677414
312,-4825.0,-0.7115894313170967
313,-4815.0,-0.7384614028667861
314,-4805.0,-0.7029121675466575
315,-4795.0,-0.6429550656695254
316,-4785.0,-0.5932657830019654
317,-4775.0,-0.39787116100491593
318,-4765.0,0.02901776177693438
319,-4755.0,0.36420239622790795
320,-4745.0,0.3307083484907876
321,-4735.0,0.15172688408861415
322,-4725.0,0.11076755271889145
323,-4715.0,0.09974424582819513
324,-4705.0,-0.014029119618616234
325,-4695.0,-0.045918922862490066
326,-4685.0,0.07105686338224954
327,-4675.0,0.3209572696233508
328,-4665.0,0.43412273374068266
329,-4655.0,0.205154179871406
330,-4645.0,0.06276615025988876
331,-4635.0,0.11121615133295706
332,-4625.0,0.09077776912274343
333,-4615.0,0.007810548146295445
334,-4605.0,0.09847710114905288
335,-4595.0,0.284893100437749
336,-4585.0,0.22685596841900063
337,-4575.0,-0.0005387856289031656
338,-4565.0,0.003677257445900458
339,-4555.0,0.16854976406793792
340,-4545.0,0.16184298202354153
341,-4535.0,0.000671641788580285
342,-4525.0,-0.20281683138139578
343,-4515.0,-0.29696748817289104
344,-4505.0,-0.257453586765434
345,-4495.0,-0.10783063322366762
346,-4485.0,0.1102765291552681
347,-4475.0,0.33836211059031807
348,-4465.0,0.5066441710490095
349,-4455.0,0.3337597085758098
350,-4445.0,0.02244100341941785
351,-4435.0,-0.04390382684453836
352,-4425.0,-0.16071956236363943
353,-4415.0,-0.4193477972115497
354,-4405.0,-0.46120379458081523
355,-4395.0,-0.31229541078598827
356,-4385.0,-0.18755945699053594
357,-4375.0,-0.07263127517967588
358,-4365.0,-0.016179089380670454
359,-4355.0,-0.13215265846012123
360,-4345.0,-0.1762777314904894
361,-4335.0,0.03190332732832435
362,-4325.0,0.24588937789777193
363,-4315.0,0.26918680068251527
364,-4305.0,0.1411908520944889
365,-4295.0,-0.0017806337570215047
366,-4285.0,-0.005488575128198933
367,-4275.0,0.0970076644476014
368,-4265.0,0.13402922908388631
369,-4255.0,0.047617858645614075
370,-4245.0,-0.09661756738079025
371,-4235.0,-0.21417342120530192
372,-4225.0,-0.23800962338786164
373,-4215.0,-0.10147545456925292
374,-4205.0,0.16687712741826288
375,-4195.0,0.3050339544551107
376,-4185.0,0.182075482961163
377,-4175.0,0.17126463671779252
378,-4165.0,0.18131700034770248
379,-4155.0,-0.11144860194418503
380,-4145.0,-0.32628395411339317
381,-4135.0,-0.20743520981378477
382,-4125.0,0.03685505407366582
383,-4115.0,0.2263597946543551
384,-4105.0,0.19206851077694026
385,-4095.0,-0.11982856093796573
386,-4085.0,-0.3652864439541686
387,-4075.0,-0.37385919365660225
388,-4065.0,-0.2981813245231967
389,-4055.0,-0.14936965964682747
390,-4045.0,0.06506089871089729
391,-4035.0,0.2774344196411282
392,-4025.0,0.3870235512262283
393,-4015.0,0.3261230785617367
394,-4005.0,0.234241477567536
395,-3995.0,0.07462140004028703
396,-3985.0,-0.16367529520967172
397,-3975.0,-0.2677829733735839
398,-3965.0,-0.23830589956681497
399,-3955.0,-0.04113059501765251
400,-3945.0,0.22581565585164956
401,-3935.0,0.16502393793219455
402,-3925.0,-0.023405995517044934
403,-3915.0,0.002426558549131366
404,-3905.0,0.009646531270754592
405,-3895.0,-0.057290446709010144
406,-3885.0,-0.05767948157492593
407,-3875.0,-0.03618264735583583
408,-3865.0,-0.03574906130883217
409,-3855.0,0.031383186653717324
410,-3845.0,0.005995579321230085
411,-3835.0,-0.2503341271341809
412,-3825.0,-0.4341591291203228
413,-3815.0,-0.39882716833653525
414,-3805.0,-0.21013849873013543
415,-3795.0,0.16964570349724428
416,-3785.0,0.36115434572702754
417,-3775.0,0.1650837067598696
418,-3765.0,0.07542193525537585
419,-3755.0,0.2201448830398195
420,-3745.0,0.42290083503300313
421,-3735.0,0.34820626261571613
422,-3725.0,0.09899295952318865
423,-3715.0,0.07159711891628438
424,-3705.0,0.08635259322728811
425,-3695.0,-0.11769434189635067
426,-3685.0,-0.2702035803410522
427,-3675.0,-0.11478479203343404
428,-3665.0,0.1796105234716363
429,-3655.0,0.28221165575639073
430,-3645.0,0.008508334984714733
431,-3635.0,-0.2981662672498775
432,-3625.0,-0.22984462796513788
433,-3615.0,-0.002892631796668904
434,-3605.0,0.09785729124781173
435,-3595.0,0.14125814534192585
436,-3585.0,0.07360880283137722
437,-3575.0,-0.03071349841814204
438,-3565.0,-0.09252981178541422
439,-3555.0,-0.13559309826608928
440,-3545.0,-0.09360047998290673
441,-3535.0,0.04624325870785431
442,-3525.0,0.17956263447131127
443,-3515.0,0.31128384918843655
444,-3505.0,0.4077383328023897
445,-3495.0,0.39323061084667804
446,-3485.0,0.2070870438376083
447,-3475.0,-0.13233054970599079
448,-3465.0,-0.2971136244125908
449,-3455.0,-0.24210552534738167
450,-3445.0,-0.20603905547730195
451,-3435.0,-0.09078874449640523
452,-3425.0,0.13294126450791888
453,-3415.0,0.17444177780651773
454,-3405.0,0.06578980305635057
455,-3395.0,-0.02478684216123793
456,-3385.0,-0.12498716503549429
457,-3375.0,-0.17573611915415324
458,-3365.0,-0.2196490815931869
459,-3355.0,-0.298304725138841
460,-3345.0,-0.3258796040182421
461,-3335.0,-0.3445591012010586
462,-3325.0,-0.38656384746276906
463,-3315.0,-0.3153870227237579
464,-3305.0,-0.14371190505800396
465,-3295.0,0.06771143089921638
466,-3285.0,0.27817336869870635
467,-3275.0,0.14932970982030336
468,-3265.0,-0.1318523947414691
469,-3255.0,-0.15171870626806727
470,-3245.0,-0.11198606086623164
471,-3235.0,-0.019745020640458813
472,-3225.0,0.0884293573120137
473,-3215.0,-0.10687108935961442
474,-3205.0,-0.28930710531051007
475,-3195.0,-0.10847411655719386
476,-3185.0,0.16918382914468053
477,-3175.0,0.14832357653676545
478,-3165.0,-0.08502790197578106
479,-3155.0,-0.10425463701087317
480,-3145.0,-0.04122375728842455
481,-3135.0,0.012948473937673621
482,-3125.0,0.19320026202586071
483,-3115.0,0.19330594918044863
484,-3105.0,0.1291949500683226
485,-3095.0,0.2839862354946252
486,-3085.0,0.21733066219408256
487,-3075.0,-0.060878605774200685
488,-3065.0,-0.0703134356040519
489,-3055.0,0.07560014374613991
490,-3045.0,0.18067674008525758
491,-3035.0,0.21285671088910119
492,-3025.0,0.23252056786471928
493,-3015.0,0.2926408306649968
494,-3005.0,0.24156425549163832
495,-2995.0,0.1400299375082415
496,-2985.0,0.17598156109212887
497,-2975.0,0.22560812564508803
498,-2965.0,0.14432844852286988
499,-2955.0,0.00024272762281593585
500,-2945.0,-0.030685774291061067
501,-2935.0,0.03841532483256986
502,-2925.0,-0.0006750281696633643
503,-2915.0,0.07540793074120071
504,-2905.0,0.3156982550685033
505,-2895.0,0.32193875647961867
506,-2885.0,0.17110476426987142
507,-2875.0,0.07609504887782456
508,-2865.0,0.0052533364739303645
509,-2855.0,-0.08720261957355822
510,-2845.0,-0.16499002963198314
511,-2835.0,-0.038460893010219405
512,-2825.0,0.1829604945326438
513,-2815.0,0.2621630493818576
514,-2805.0,0.27177752878694406
515,-2795.0,0.19944803440142111
516,-2785.0,-0.042234476273359634
517,-2775.0,-0.20556126721119922
518,-2765.0,-0.25273927447901007
519,-2755.0,-0.4242286449445025
520,-2745.0,-0.622540478315086
521,-2735.0,-0.6267798191611591
522,-2725.0,-0.564806687122302
523,-2715.0,-0.6689859308611179
524,-2705.0,-0.7688452406738003
525,-2695.0,-0.6595874692219922
526,-2685.0,-0.5068263261243942
527,-2675.0,-0.4007911629899998
528,-2665.0,-0.3050167698364017
529,-2655.0,-0.2071059758616459
530,-2645.0,-0.04083879151412678
531,-2635.0,0.19502573557255262
532,-2625.0,0.21758613310508837
533,-2615.0,-0.011990507688496563
534,-2605.0,-0.043052368004497604
535,-2595.0,0.13277609458214812
536,-2585.0,0.26788725607077346
537,-2575.0,0.31942381978457035
538,-2565.0,0.3789961011972467
539,-2555.0,0.38148483266304956
540,-2545.0,0.24574883859932142
541,-2535.0,0.2473915736533616
542,-2525.0,0.3913699145800194
543,-2515.0,0.3950106538883761
544,-2505.0,0.26885706975077983
545,-2495.0,0.10890124857618211
546,-2485.0,0.050547027697361115
547,-2475.0,0.06704736919842913
548,-2465.0,0.02987813494220144
549,-2455.0,0.06925604814951627
550,-2445.0,0.14555111483427294
551,-2435.0,0.14940242197053735
552,-2425.0,0.2272948200434598
553,-2415.0,0.4028295034733304
554,-2405.0,0.43590423069517886
555,-2395.0,0.4353927546675755
556,-2385.0,0.5200837680274452
557,-2375.0,0.48803868121387384
558,-2365.0,0.18572960459588883
559,-2355.0,-0.28529064039921237
560,-2345.0,-0.5547014640183139
561,-2335.0,-0.5870905604785255
562,-2325.0,-0.5284027304786466
563,-2315.0,-0.5223955799501285
564,-2305.0,-0.6283156061695213
565,-2295.0,-0.6526586599337155
566,-2285.0,-0.5069586486292392
567,-2275.0,-0.2673456008501537
568,-2265.0,-0.07514059073957227
569,-2255.0,0.014269880237426896
570,-2245.0,0.14938451550505988
571,-2235.0,0.3275027074060232
572,-2225.0,0.4262919767649462
573,-2215.0,0.3198775722639249
574,-2205.0,0.18597887872082072
575,-2195.0,0.22448312445749183
576,-2185.0,0.1422311772832177
577,-2175.0,0.11400397329770334
578,-2165.0,0.14819987173157823
579,-2155.0,-0.10043315785836751
580,-2145.0,-0.1946714289284459
581,-2135.0,-0.08947130565936764
582,-2125.0,-0.1642661208898918
583,-2115.0,-0.25785218542005095
584,-2105.0,-0.20373959482285295
585,-2095.0,-0.07938429032755093
586,-2085.0,0.07581000597396328
587,-2075.0,0.13144098216258301
588,-2065.0,0.058606721902046424
589,-2055.0,0.027627093006657992
590,-2045.0,0.007515188138847691
591,-2035.0,0.048891472398489504
592,-2025.0,0.19331863896270646
593,-2015.0,0.21272886287247064
594,-2005.0,0.03214879419645961
595,-1995.0,-0.14619303876726364
596,-1985.0,-0.1370386057800106
597,-1975.0,-0.010410242186177567
598,-1965.0,0.09719902642386338
599,-1955.0,0.08133730696057329
600,-1945.0,-0.01612043092956697
601,-1935.0,-0.03987265372620617
602,-1925.0,-0.08779113243240297
603,-1915.0,-0.017585912346615502
604,-1905.0,0.09172046654710442
605,-1895.0,0.00849572394624279
606,-1885.0,-0.08205979362314526
607,-1875.0,-0.170541827931995
608,-1865.0,-0.22107208657707111
609,-1855.0,-0.07585542253365216
610,-1845.0,0.12162550609936315
611,-1835.0,0.0790234936907631
612,-1825.0,-0.1783570262629502
613,-1815.0,-0.3075007600795905
614,-1805.0,-0.19225495458159564
615,-1795.0,-0.020640660831950652
616,-1785.0,0.03885096521524613
617,-1775.0,0.039700667156284494
618,-1765.0,0.11692650280294195
619,-1755.0,0.24431276642484528
620,-1745.0,0.236786616231614
621,-1735.0,0.13532679898227168
622,-1725.0,0.057091641047447184
623,-1715.0,-0.06495045388039183
624,-1705.0,-0.20480606421148073
625,-1695.0,-0.32348084193589205
626,-1685.0,-0.3146170054846125
627,-1675.0,-0.06663793405357757
628,-1665.0,0.15117560471346156
629,-1655.0,0.2772893101271154
630,-1645.0,0.40454168673198954
631,-1635.0,0.25227241473917184
632,-1625.0,0.04831126647361725
633,-1615.0,-0.01791611207059879
634,-1605.0,-0.0467314007199951
635,-1595.0,0.02638038782030343
636,-1585.0,0.16699612788928625
637,-1575.0,0.19575939208616142
638,-1565.0,0.09091513044066458
639,-1555.0,0.03854254106877693
640,-1545.0,0.002862611271319232
641,-1535.0,-0.10901489407278546
642,-1525.0,-0.2520585828828288
643,-1515.0,-0.30632245043188777
644,-1505.0,-0.19427155298961013
645,-1495.0,-0.05437682291445867
646,-1485.0,-0.018861968432360945
647,-1475.0,0.04589200573861446
648,-1465.0,0.15950364318121044
649,-1455.0,0.22976939926270823
650,-1445.0,0.2848909721867478
651,-1435.0,0.34321803377011695
652,-1425.0,0.2462938656824371
653,-1415.0,-0.0092467298922643
654,-1405.0,-0.09369671217216505
655,-1395.0,-0.024413596731475546
656,-1385.0,0.018882475457474082
657,-1375.0,0.09877043947671893
658,-1365.0,0.17112862711323173
659,-1355.0,0.09784530772800185
660,-1345.0,-0.003631072481299208
661,-1335.0,0.0019357372212134016
662,-1325.0,0.04680497602122019
663,-1315.0,0.015650212789366236
664,-1305.0,-0.12908769118427188
665,-1295.0,-0.28637394565874014
666,-1285.0,-0.36129339871815747
667,-1275.0,-0.35135815403734155
668,-1265.0,-0.3662602611538658
669,-1255.0,-0.3247298671172612
670,-1245.0,-0.2133106267973685
671,-1235.0,-0.2183796657732126
672,-1225.0,-0.22727080474331554
673,-1215.0,-0.06477049103768406
674,-1205.0,0.17361812036772228
675,-1195.0,0.2318799796698109
676,-1185.0,0.0097299876175935
677,-1175.0,-0.24175267762266914
678,-1165.0,-0.2392443069941148
679,-1155.0,-0.06451129346061912
680,-1145.0,-0.004887340081107833
681,-1135.0,-0.002858206792332868
682,-1125.0,0.04301398674916382
683,-1115.0,0.13479706982117712
684,-1105.0,0.23849119342007255
685,-1095.0,0.24836046882180413
686,-1085.0,0.2209078797792967
687,-1075.0,0.1691790467556449
688,-1065.0,-0.016158268480808563
689,-1055.0,-0.21178157234630438
690,-1045.0,-0.18113759718324007
691,-1035.0,0.0910175980221502
692,-1025.0,0.31905136433892
693,-1015.0,0.2996529852788954
694,-1005.0,0.22894544084807736
695,-995.0,0.19141338572974165
696,-985.0,0.14124348313296547
697,-975.0,0.05934138756401652
698,-965.0,-0.04534931916329474
699,-955.0,-0.08648089539162276
700,-945.0,-0.08087439571772263
701,-935.0,-0.16497899337974514
702,-925.0,-0.3200726168056655
703,-915.0,-0.3779604516194002
704,-905.0,-0.3343222303723369
705,-895.0,-0.2504277455244192
706,-885.0,-0.18527657425764735
707,-875.0,-0.08068477841602575
708,-865.0,0.11331424921978339
709,-855.0,0.271219678674562
710,-845.0,0.28443168586290946
711,-835.0,0.1715341625063887
712,-825.0,0.13779545713471758
713,-815.0,0.35420109045629944
714,-805.0,0.44300024892834583
715,-795.0,0.13874835420543274
716,-785.0,0.007516894589789248
717,-775.0,0.10981781149063657
718,-765.0,0.1392957382568982
719,-755.0,0.1546595149004142
720,-745.0,0.15098334253792262
721,-735.0,0.032903479649910056
722,-725.0,0.013152831480647359
723,-715.0,0.110890150616067
724,-705.0,0.15096805726146081
725,-695.0,0.11566618896218993
726,-685.0,0.04757693742927485
727,-675.0,-0.07343737644178161
728,-665.0,-0.2399454098121383
729,-655.0,-0.3779436248733927
730,-645.0,-0.40090080353052027
731,-635.0,-0.3353703456023678
732,-625.0,-0.3066465104993421
733,-615.0,-0.19321911696364252
734,-605.0,0.0728253668543416
735,-595.0,0.2946662320496356
736,-585.0,0.42947328139155894
737,-575.0,0.41405359225949145
738,-565.0,0.16311036529597725
739,-555.0,-0.056244717559270324
740,-545.0,-0.15393870376392665
741,-535.0,-0.18502135737546938
742,-525.0,-0.21622652867699638
743,-515.0,-0.30797193693175573
744,-505.0,-0.36784611796454436
745,-495.0,-0.31125207874260025
746,-485.0,-0.22017365134346809
747,-475.0,-0.20785660801957254
748,-465.0,-0.22504493206366877
749,-455.0,-0.17336097556609092
750,-445.0,-0.10090423763512062
751,-435.0,-0.11918430162957719
752,-425.0,-0.17043898293880166
753,-415.0,-0.10980902411526935
754,-405.0,0.03385273912956166
755,-395.0,0.1580392364486233
756,-385.0,0.23720548033496308
757,-375.0,0.2975226304842359
758,-365.0,0.387384804619185
759,-355.0,0.5193194580255754
760,-345.0,0.5538980549388419
761,-335.0,0.4226281118729325
762,-325.0,0.25678621909984944
763,-315.0,0.09685499423001814
764,-305.0,-0.14570395410166886
765,-295.0,-0.20048696310261607
766,-285.0,-0.20605336659203108
767,-275.0,-0.20656073792223412
768,-265.0,-0.20131747399334005
769,-255.0,-0.20155891101714896
770,-245.0,-0.1522426836604276
771,-235.0,-0.08998057570852645
772,-225.0,0.10294680186549676
773,-215.0,0.04915103609091001
774,-205.0,0.007543591896200758
