id,tau,E,train_len,train_ind_i,knn,Tp_flag,Tp,lag,Tp_lag_total,sample,weighted,target_var,col_var,surr_var,surr_num,col_var_id,target_var_id,output_pointer,output_file_exists,to_run
1786473084043,5,6,,0.0,20,,1,-40,32.0,100,False,TSI,temp,neither,0,Erb22daGMST,Wu18TSI,/Users/jlanders/PycharmProjects/holocene_TSI_temp_pb/hol_temp_tsi_ccm/Erb22daGMST_Wu18TSI/calc_local_tmp/calc_refactor/parquet/knn_20/tp_1/Erb22daGMST_Wu18TSI/E6_tau5/E6_tau5_lag-40.parquet,False,True
1786473084044,5,6,,0.0,20,,1,-39,32.0,100,False,TSI,temp,neither,0,Erb22daGMST,Wu18TSI,/Users/jlanders/PycharmProjects/holocene_TSI_temp_pb/hol_temp_tsi_ccm/Erb22daGMST_Wu18TSI/calc_local_tmp/calc_refactor/parquet/knn_20/tp_1/Erb22daGMST_Wu18TSI/E6_tau5/E6_tau5_lag-39.parquet,False,True
1786473084045,5,6,,0.0,20,,1,-38,32.0,100,False,TSI,temp,neither,0,Erb22daGMST,Wu18TSI,/Users/jlanders/PycharmProjects/holocene_TSI_temp_pb/hol_temp_tsi_ccm/Erb22daGMST_Wu18TSI/calc_local_tmp/calc_refactor/parquet/knn_20/tp_1/Erb22daGMST_Wu18TSI/E6_tau5/E6_tau5_lag-38.parquet,False,True
1786473084047,5,6,,0.0,20,,1,-37,32.0,100,False,TSI,temp,neither,0,Erb22daGMST,Wu18TSI,/Users/jlanders/PycharmProjects/holocene_TSI_temp_pb/hol_temp_tsi_ccm/Erb22daGMST_Wu18TSI/calc_local_tmp/calc_refactor/parquet/knn_20/tp_1/Erb22daGMST_Wu18TSI/E6_tau5/E6_tau5_lag-37.parquet,False,True
1786473084048,5,6,,0.0,20,,1,-36,32.0,100,False,TSI,temp,neither,0,Erb22daGMST,Wu18TSI,/Users/jlanders/PycharmProjects/holocene_TSI_temp_pb/hol_temp_tsi_ccm/Erb22daGMST_Wu18TSI/calc_local_tmp/calc_refactor/parquet/knn_20/tp_1/Erb22daGMST_Wu18TSI/E6_tau5/E6_tau5_lag-36.parquet,False,True
1786473084049,5,6,,0.0,20,,1,-35,32.0,100,False,TSI,temp,neither,0,Erb22daGMST,Wu18TSI,/Users/jlanders/PycharmProjects/holocene_TSI_temp_pb/hol_temp_tsi_ccm/Erb22daGMST_Wu18TSI/calc_local_tmp/calc_refactor/parquet/knn_20/tp_1/Erb22daGMST_Wu18TSI/E6_tau5/E6_tau5_lag-35.parquet,False,True
1786473084050,5,6,,0.0,20,,1,-34,32.0,100,False,TSI,temp,neither,0,Erb22daGMST,Wu18TSI,/Users/jlanders/PycharmProjects/holocene_TSI_temp_pb/hol_temp_tsi_ccm/Erb22daGMST_Wu18TSI/calc_local_tmp/calc_refactor/parquet/knn_20/tp_1/Erb22daGMST_Wu18TSI/E6_tau5/E6_tau5_lag-34.parquet,False,True
1786473084052,5,6,,0.0,20,,1,-33,32.0,100,False,TSI,temp,neither,0,Erb22daGMST,Wu18TSI,/Users/jlanders/PycharmProjects/holocene_TSI_temp_pb/hol_temp_tsi_ccm/Erb22daGMST_Wu18TSI/calc_local_tmp/calc_refactor/parquet/knn_20/tp_1/Erb22daGMST_Wu18TSI/E6_tau5/E6_tau5_lag-33.parquet,False,True
1786473084053,5,6,,0.0,20,,1,-32,32.0,100,False,TSI,temp,neither,0,Erb22daGMST,Wu18TSI,/Users/jlanders/PycharmProjects/holocene_TSI_temp_pb/hol_temp_tsi_ccm/Erb22daGMST_Wu18TSI/calc_local_tmp/calc_refactor/parquet/knn_20/tp_1/Erb22daGMST_Wu18TSI/E6_tau5/E6_tau5_lag-32.parquet,False,True
1786473084054,5,6,,0.0,20,,1,-31,32.0,100,False,TSI,temp,neither,0,Erb22daGMST,Wu18TSI,/Users/jlanders/PycharmProjects/holocene_TSI_temp_pb/hol_temp_tsi_ccm/Erb22daGMST_Wu18TSI/calc_local_tmp/calc_refactor/parquet/knn_20/tp_1/Erb22daGMST_Wu18TSI/E6_tau5/E6_tau5_lag-31.parquet,False,True
1786473084056,5,6,,0.0,20,,1,-30,32.0,100,False,TSI,temp,neither,0,Erb22daGMST,Wu18TSI,/Users/jlanders/PycharmProjects/holocene_TSI_temp_pb/hol_temp_tsi_ccm/Erb22daGMST_Wu18TSI/calc_local_tmp/calc_refactor/parquet/knn_20/tp_1/Erb22daGMST_Wu18TSI/E6_tau5/E6_tau5_lag-30.parquet,False,True
1786473084057,5,6,,0.0,20,,1,-29,32.0,100,False,TSI,temp,neither,0,Erb22daGMST,Wu18TSI,/Users/jlanders/PycharmProjects/holocene_TSI_temp_pb/hol_temp_tsi_ccm/Erb22daGMST_Wu18TSI/calc_local_tmp/calc_refactor/parquet/knn_20/tp_1/Erb22daGMST_Wu18TSI/E6_tau5/E6_tau5_lag-29.parquet,False,True
1786473084058,5,6,,0.0,20,,1,-28,32.0,100,False,TSI,temp,neither,0,Erb22daGMST,Wu18TSI,/Users/jlanders/PycharmProjects/holocene_TSI_temp_pb/hol_temp_tsi_ccm/Erb22daGMST_Wu18TSI/calc_local_tmp/calc_refactor/parquet/knn_20/tp_1/Erb22daGMST_Wu18TSI/E6_tau5/E6_tau5_lag-28.parquet,False,True
1786473084059,5,6,,0.0,20,,1,-27,32.0,100,False,TSI,temp,neither,0,Erb22daGMST,Wu18TSI,/Users/jlanders/PycharmProjects/holocene_TSI_temp_pb/hol_temp_tsi_ccm/Erb22daGMST_Wu18TSI/calc_local_tmp/calc_refactor/parquet/knn_20/tp_1/Erb22daGMST_Wu18TSI/E6_tau5/E6_tau5_lag-27.parquet,False,True
1786473084061,5,6,,0.0,20,,1,-26,32.0,100,False,TSI,temp,neither,0,Erb22daGMST,Wu18TSI,/Users/jlanders/PycharmProjects/holocene_TSI_temp_pb/hol_temp_tsi_ccm/Erb22daGMST_Wu18TSI/calc_local_tmp/calc_refactor/parquet/knn_20/tp_1/Erb22daGMST_Wu18TSI/E6_tau5/E6_tau5_lag-26.parquet,False,True
1786473084062,5,6,,0.0,20,,1,-25,32.0,100,False,TSI,temp,neither,0,Erb22daGMST,Wu18TSI,/Users/jlanders/PycharmProjects/holocene_TSI_temp_pb/hol_temp_tsi_ccm/Erb22daGMST_Wu18TSI/calc_local_tmp/calc_refactor/parquet/knn_20/tp_1/Erb22daGMST_Wu18TSI/E6_tau5/E6_tau5_lag-25.parquet,False,True
1786473084063,5,6,,0.0,20,,1,-24,32.0,100,False,TSI,temp,neither,0,Erb22daGMST,Wu18TSI,/Users/jlanders/PycharmProjects/holocene_TSI_temp_pb/hol_temp_tsi_ccm/Erb22daGMST_Wu18TSI/calc_local_tmp/calc_refactor/parquet/knn_20/tp_1/Erb22daGMST_Wu18TSI/E6_tau5/E6_tau5_lag-24.parquet,False,True
1786473084065,5,6,,0.0,20,,1,-23,32.0,100,False,TSI,temp,neither,0,Erb22daGMST,Wu18TSI,/Users/jlanders/PycharmProjects/holocene_TSI_temp_pb/hol_temp_tsi_ccm/Erb22daGMST_Wu18TSI/calc_local_tmp/calc_refactor/parquet/knn_20/tp_1/Erb22daGMST_Wu18TSI/E6_tau5/E6_tau5_lag-23.parquet,False,True
1786473084066,5,6,,0.0,20,,1,-22,32.0,100,False,TSI,temp,neither,0,Erb22daGMST,Wu18TSI,/Users/jlanders/PycharmProjects/holocene_TSI_temp_pb/hol_temp_tsi_ccm/Erb22daGMST_Wu18TSI/calc_local_tmp/calc_refactor/parquet/knn_20/tp_1/Erb22daGMST_Wu18TSI/E6_tau5/E6_tau5_lag-22.parquet,False,True
1786473084067,5,6,,0.0,20,,1,-21,32.0,100,False,TSI,temp,neither,0,Erb22daGMST,Wu18TSI,/Users/jlanders/PycharmProjects/holocene_TSI_temp_pb/hol_temp_tsi_ccm/Erb22daGMST_Wu18TSI/calc_local_tmp/calc_refactor/parquet/knn_20/tp_1/Erb22daGMST_Wu18TSI/E6_tau5/E6_tau5_lag-21.parquet,False,True
1786473084069,5,6,,0.0,20,,1,-20,32.0,100,False,TSI,temp,neither,0,Erb22daGMST,Wu18TSI,/Users/jlanders/PycharmProjects/holocene_TSI_temp_pb/hol_temp_tsi_ccm/Erb22daGMST_Wu18TSI/calc_local_tmp/calc_refactor/parquet/knn_20/tp_1/Erb22daGMST_Wu18TSI/E6_tau5/E6_tau5_lag-20.parquet,False,True
1786473084070,5,6,,0.0,20,,1,-19,32.0,100,False,TSI,temp,neither,0,Erb22daGMST,Wu18TSI,/Users/jlanders/PycharmProjects/holocene_TSI_temp_pb/hol_temp_tsi_ccm/Erb22daGMST_Wu18TSI/calc_local_tmp/calc_refactor/parquet/knn_20/tp_1/Erb22daGMST_Wu18TSI/E6_tau5/E6_tau5_lag-19.parquet,False,True
1786473084071,5,6,,0.0,20,,1,-18,32.0,100,False,TSI,temp,neither,0,Erb22daGMST,Wu18TSI,/Users/jlanders/PycharmProjects/holocene_TSI_temp_pb/hol_temp_tsi_ccm/Erb22daGMST_Wu18TSI/calc_local_tmp/calc_refactor/parquet/knn_20/tp_1/Erb22daGMST_Wu18TSI/E6_tau5/E6_tau5_lag-18.parquet,False,True
1786473084072,5,6,,0.0,20,,1,-17,32.0,100,False,TSI,temp,neither,0,Erb22daGMST,Wu18TSI,/Users/jlanders/PycharmProjects/holocene_TSI_temp_pb/hol_temp_tsi_ccm/Erb22daGMST_Wu18TSI/calc_local_tmp/calc_refactor/parquet/knn_20/tp_1/Erb22daGMST_Wu18TSI/E6_tau5/E6_tau5_lag-17.parquet,False,True
1786473084074,5,6,,0.0,20,,1,-16,32.0,100,False,TSI,temp,neither,0,Erb22daGMST,Wu18TSI,/Users/jlanders/PycharmProjects/holocene_TSI_temp_pb/hol_temp_tsi_ccm/Erb22daGMST_Wu18TSI/calc_local_tmp/calc_refactor/parquet/knn_20/tp_1/Erb22daGMST_Wu18TSI/E6_tau5/E6_tau5_lag-16.parquet,False,True
1786473084075,5,6,,0.0,20,,1,-15,32.0,100,False,TSI,temp,neither,0,Erb22daGMST,Wu18TSI,/Users/jlanders/PycharmProjects/holocene_TSI_temp_pb/hol_temp_tsi_ccm/Erb22daGMST_Wu18TSI/calc_local_tmp/calc_refactor/parquet/knn_20/tp_1/Erb22daGMST_Wu18TSI/E6_tau5/E6_tau5_lag-15.parquet,False,True
1786473084076,5,6,,0.0,20,,1,-14,32.0,100,False,TSI,temp,neither,0,Erb22daGMST,Wu18TSI,/Users/jlanders/PycharmProjects/holocene_TSI_temp_pb/hol_temp_tsi_ccm/Erb22daGMST_Wu18TSI/calc_local_tmp/calc_refactor/parquet/knn_20/tp_1/Erb22daGMST_Wu18TSI/E6_tau5/E6_tau5_lag-14.parquet,False,True
1786473084078,5,6,,0.0,20,,1,-13,32.0,100,False,TSI,temp,neither,0,Erb22daGMST,Wu18TSI,/Users/jlanders/PycharmProjects/holocene_TSI_temp_pb/hol_temp_tsi_ccm/Erb22daGMST_Wu18TSI/calc_local_tmp/calc_refactor/parquet/knn_20/tp_1/Erb22daGMST_Wu18TSI/E6_tau5/E6_tau5_lag-13.parquet,False,True
1786473084079,5,6,,0.0,20,,1,-12,32.0,100,False,TSI,temp,neither,0,Erb22daGMST,Wu18TSI,/Users/jlanders/PycharmProjects/holocene_TSI_temp_pb/hol_temp_tsi_ccm/Erb22daGMST_Wu18TSI/calc_local_tmp/calc_refactor/parquet/knn_20/tp_1/Erb22daGMST_Wu18TSI/E6_tau5/E6_tau5_lag-12.parquet,False,True
1786473084080,5,6,,0.0,20,,1,-11,32.0,100,False,TSI,temp,neither,0,Erb22daGMST,Wu18TSI,/Users/jlanders/PycharmProjects/holocene_TSI_temp_pb/hol_temp_tsi_ccm/Erb22daGMST_Wu18TSI/calc_local_tmp/calc_refactor/parquet/knn_20/tp_1/Erb22daGMST_Wu18TSI/E6_tau5/E6_tau5_lag-11.parquet,False,True
1786473084081,5,6,,0.0,20,,1,-10,32.0,100,False,TSI,temp,neither,0,Erb22daGMST,Wu18TSI,/Users/jlanders/PycharmProjects/holocene_TSI_temp_pb/hol_temp_tsi_ccm/Erb22daGMST_Wu18TSI/calc_local_tmp/calc_refactor/parquet/knn_20/tp_1/Erb22daGMST_Wu18TSI/E6_tau5/E6_tau5_lag-10.parquet,False,True
1786473084083,5,6,,0.0,20,,1,-9,32.0,100,False,TSI,temp,neither,0,Erb22daGMST,Wu18TSI,/Users/jlanders/PycharmProjects/holocene_TSI_temp_pb/hol_temp_tsi_ccm/Erb22daGMST_Wu18TSI/calc_local_tmp/calc_refactor/parquet/knn_20/tp_1/Erb22daGMST_Wu18TSI/E6_tau5/E6_tau5_lag-9.parquet,False,True
1786473084084,5,6,,0.0,20,,1,-8,32.0,100,False,TSI,temp,neither,0,Erb22daGMST,Wu18TSI,/Users/jlanders/PycharmProjects/holocene_TSI_temp_pb/hol_temp_tsi_ccm/Erb22daGMST_Wu18TSI/calc_local_tmp/calc_refactor/parquet/knn_20/tp_1/Erb22daGMST_Wu18TSI/E6_tau5/E6_tau5_lag-8.parquet,False,True
1786473084085,5,6,,0.0,20,,1,-7,32.0,100,False,TSI,temp,neither,0,Erb22daGMST,Wu18TSI,/Users/jlanders/PycharmProjects/holocene_TSI_temp_pb/hol_temp_tsi_ccm/Erb22daGMST_Wu18TSI/calc_local_tmp/calc_refactor/parquet/knn_20/tp_1/Erb22daGMST_Wu18TSI/E6_tau5/E6_tau5_lag-7.parquet,False,True
1786473084086,5,6,,0.0,20,,1,-6,32.0,100,False,TSI,temp,neither,0,Erb22daGMST,Wu18TSI,/Users/jlanders/PycharmProjects/holocene_TSI_temp_pb/hol_temp_tsi_ccm/Erb22daGMST_Wu18TSI/calc_local_tmp/calc_refactor/parquet/knn_20/tp_1/Erb22daGMST_Wu18TSI/E6_tau5/E6_tau5_lag-6.parquet,False,True
1786473084088,5,6,,0.0,20,,1,-5,32.0,100,False,TSI,temp,neither,0,Erb22daGMST,Wu18TSI,/Users/jlanders/PycharmProjects/holocene_TSI_temp_pb/hol_temp_tsi_ccm/Erb22daGMST_Wu18TSI/calc_local_tmp/calc_refactor/parquet/knn_20/tp_1/Erb22daGMST_Wu18TSI/E6_tau5/E6_tau5_lag-5.parquet,False,True
1786473084089,5,6,,0.0,20,,1,-4,32.0,100,False,TSI,temp,neither,0,Erb22daGMST,Wu18TSI,/Users/jlanders/PycharmProjects/holocene_TSI_temp_pb/hol_temp_tsi_ccm/Erb22daGMST_Wu18TSI/calc_local_tmp/calc_refactor/parquet/knn_20/tp_1/Erb22daGMST_Wu18TSI/E6_tau5/E6_tau5_lag-4.parquet,False,True
1786473084090,5,6,,0.0,20,,1,-3,32.0,100,False,TSI,temp,neither,0,Erb22daGMST,Wu18TSI,/Users/jlanders/PycharmProjects/holocene_TSI_temp_pb/hol_temp_tsi_ccm/Erb22daGMST_Wu18TSI/calc_local_tmp/calc_refactor/parquet/knn_20/tp_1/Erb22daGMST_Wu18TSI/E6_tau5/E6_tau5_lag-3.parquet,False,True
1786473084092,5,6,,0.0,20,,1,-2,32.0,100,False,TSI,temp,neither,0,Erb22daGMST,Wu18TSI,/Users/jlanders/PycharmProjects/holocene_TSI_temp_pb/hol_temp_tsi_ccm/Erb22daGMST_Wu18TSI/calc_local_tmp/calc_refactor/parquet/knn_20/tp_1/Erb22daGMST_Wu18TSI/E6_tau5/E6_tau5_lag-2.parquet,False,True
1786473084093,5,6,,0.0,20,,1,-1,32.0,100,False,TSI,temp,neither,0,Erb22daGMST,Wu18TSI,/Users/jlanders/PycharmProjects/holocene_TSI_temp_pb/hol_temp_tsi_ccm/Erb22daGMST_Wu18TSI/calc_local_tmp/calc_refactor/parquet/knn_20/tp_1/Erb22daGMST_Wu18TSI/E6_tau5/E6_tau5_lag-1.parquet,False,True
1786473084094,5,6,,0.0,20,,1,0,32.0,100,False,TSI,temp,neither,0,Erb22daGMST,Wu18TSI,/Users/jlanders/PycharmProjects/holocene_TSI_temp_pb/hol_temp_tsi_ccm/Erb22daGMST_Wu18TSI/calc_local_tmp/calc_refactor/parquet/knn_20/tp_1/Erb22daGMST_Wu18TSI/E6_tau5/E6_tau5_lag0.parquet,False,True
1786473084096,5,6,,0.0,20,,1,1,32.0,100,False,TSI,temp,neither,0,Erb22daGMST,Wu18TSI,/Users/jlanders/PycharmProjects/holocene_TSI_temp_pb/hol_temp_tsi_ccm/Erb22daGMST_Wu18TSI/calc_local_tmp/calc_refactor/parquet/knn_20/tp_1/Erb22daGMST_Wu18TSI/E6_tau5/E6_tau5_lag1.parquet,False,True
1786473084097,5,6,,0.0,20,,1,2,32.0,100,False,TSI,temp,neither,0,Erb22daGMST,Wu18TSI,/Users/jlanders/PycharmProjects/holocene_TSI_temp_pb/hol_temp_tsi_ccm/Erb22daGMST_Wu18TSI/calc_local_tmp/calc_refactor/parquet/knn_20/tp_1/Erb22daGMST_Wu18TSI/E6_tau5/E6_tau5_lag2.parquet,False,True
1786473084098,5,6,,0.0,20,,1,3,32.0,100,False,TSI,temp,neither,0,Erb22daGMST,Wu18TSI,/Users/jlanders/PycharmProjects/holocene_TSI_temp_pb/hol_temp_tsi_ccm/Erb22daGMST_Wu18TSI/calc_local_tmp/calc_refactor/parquet/knn_20/tp_1/Erb22daGMST_Wu18TSI/E6_tau5/E6_tau5_lag3.parquet,False,True
1786473084099,5,6,,0.0,20,,1,4,32.0,100,False,TSI,temp,neither,0,Erb22daGMST,Wu18TSI,/Users/jlanders/PycharmProjects/holocene_TSI_temp_pb/hol_temp_tsi_ccm/Erb22daGMST_Wu18TSI/calc_local_tmp/calc_refactor/parquet/knn_20/tp_1/Erb22daGMST_Wu18TSI/E6_tau5/E6_tau5_lag4.parquet,False,True
1786473084101,5,6,,0.0,20,,1,5,32.0,100,False,TSI,temp,neither,0,Erb22daGMST,Wu18TSI,/Users/jlanders/PycharmProjects/holocene_TSI_temp_pb/hol_temp_tsi_ccm/Erb22daGMST_Wu18TSI/calc_local_tmp/calc_refactor/parquet/knn_20/tp_1/Erb22daGMST_Wu18TSI/E6_tau5/E6_tau5_lag5.parquet,False,True
1786473084102,5,6,,0.0,20,,1,6,32.0,100,False,TSI,temp,neither,0,Erb22daGMST,Wu18TSI,/Users/jlanders/PycharmProjects/holocene_TSI_temp_pb/hol_temp_tsi_ccm/Erb22daGMST_Wu18TSI/calc_local_tmp/calc_refactor/parquet/knn_20/tp_1/Erb22daGMST_Wu18TSI/E6_tau5/E6_tau5_lag6.parquet,False,True
1786473084103,5,6,,0.0,20,,1,7,32.0,100,False,TSI,temp,neither,0,Erb22daGMST,Wu18TSI,/Users/jlanders/PycharmProjects/holocene_TSI_temp_pb/hol_temp_tsi_ccm/Erb22daGMST_Wu18TSI/calc_local_tmp/calc_refactor/parquet/knn_20/tp_1/Erb22daGMST_Wu18TSI/E6_tau5/E6_tau5_lag7.parquet,False,True
1786473084105,5,6,,0.0,20,,1,8,32.0,100,False,TSI,temp,neither,0,Erb22daGMST,Wu18TSI,/Users/jlanders/PycharmProjects/holocene_TSI_temp_pb/hol_temp_tsi_ccm/Erb22daGMST_Wu18TSI/calc_local_tmp/calc_refactor/parquet/knn_20/tp_1/Erb22daGMST_Wu18TSI/E6_tau5/E6_tau5_lag8.parquet,False,True
1786473084106,5,6,,0.0,20,,1,9,32.0,100,False,TSI,temp,neither,0,Erb22daGMST,Wu18TSI,/Users/jlanders/PycharmProjects/holocene_TSI_temp_pb/hol_temp_tsi_ccm/Erb22daGMST_Wu18TSI/calc_local_tmp/calc_refactor/parquet/knn_20/tp_1/Erb22daGMST_Wu18TSI/E6_tau5/E6_tau5_lag9.parquet,False,True
1786473084107,5,6,,0.0,20,,1,10,32.0,100,False,TSI,temp,neither,0,Erb22daGMST,Wu18TSI,/Users/jlanders/PycharmProjects/holocene_TSI_temp_pb/hol_temp_tsi_ccm/Erb22daGMST_Wu18TSI/calc_local_tmp/calc_refactor/parquet/knn_20/tp_1/Erb22daGMST_Wu18TSI/E6_tau5/E6_tau5_lag10.parquet,False,True
1786473084108,5,6,,0.0,20,,1,11,32.0,100,False,TSI,temp,neither,0,Erb22daGMST,Wu18TSI,/Users/jlanders/PycharmProjects/holocene_TSI_temp_pb/hol_temp_tsi_ccm/Erb22daGMST_Wu18TSI/calc_local_tmp/calc_refactor/parquet/knn_20/tp_1/Erb22daGMST_Wu18TSI/E6_tau5/E6_tau5_lag11.parquet,False,True
1786473084109,5,6,,0.0,20,,1,12,32.0,100,False,TSI,temp,neither,0,Erb22daGMST,Wu18TSI,/Users/jlanders/PycharmProjects/holocene_TSI_temp_pb/hol_temp_tsi_ccm/Erb22daGMST_Wu18TSI/calc_local_tmp/calc_refactor/parquet/knn_20/tp_1/Erb22daGMST_Wu18TSI/E6_tau5/E6_tau5_lag12.parquet,False,True
1786473084111,5,6,,0.0,20,,1,13,32.0,100,False,TSI,temp,neither,0,Erb22daGMST,Wu18TSI,/Users/jlanders/PycharmProjects/holocene_TSI_temp_pb/hol_temp_tsi_ccm/Erb22daGMST_Wu18TSI/calc_local_tmp/calc_refactor/parquet/knn_20/tp_1/Erb22daGMST_Wu18TSI/E6_tau5/E6_tau5_lag13.parquet,False,True
1786473084112,5,6,,0.0,20,,1,14,32.0,100,False,TSI,temp,neither,0,Erb22daGMST,Wu18TSI,/Users/jlanders/PycharmProjects/holocene_TSI_temp_pb/hol_temp_tsi_ccm/Erb22daGMST_Wu18TSI/calc_local_tmp/calc_refactor/parquet/knn_20/tp_1/Erb22daGMST_Wu18TSI/E6_tau5/E6_tau5_lag14.parquet,False,True
1786473084113,5,6,,0.0,20,,1,15,32.0,100,False,TSI,temp,neither,0,Erb22daGMST,Wu18TSI,/Users/jlanders/PycharmProjects/holocene_TSI_temp_pb/hol_temp_tsi_ccm/Erb22daGMST_Wu18TSI/calc_local_tmp/calc_refactor/parquet/knn_20/tp_1/Erb22daGMST_Wu18TSI/E6_tau5/E6_tau5_lag15.parquet,False,True
1786473084115,5,6,,0.0,20,,1,16,32.0,100,False,TSI,temp,neither,0,Erb22daGMST,Wu18TSI,/Users/jlanders/PycharmProjects/holocene_TSI_temp_pb/hol_temp_tsi_ccm/Erb22daGMST_Wu18TSI/calc_local_tmp/calc_refactor/parquet/knn_20/tp_1/Erb22daGMST_Wu18TSI/E6_tau5/E6_tau5_lag16.parquet,False,True
1786473084116,5,6,,0.0,20,,1,17,32.0,100,False,TSI,temp,neither,0,Erb22daGMST,Wu18TSI,/Users/jlanders/PycharmProjects/holocene_TSI_temp_pb/hol_temp_tsi_ccm/Erb22daGMST_Wu18TSI/calc_local_tmp/calc_refactor/parquet/knn_20/tp_1/Erb22daGMST_Wu18TSI/E6_tau5/E6_tau5_lag17.parquet,False,True
1786473084117,5,6,,0.0,20,,1,18,32.0,100,False,TSI,temp,neither,0,Erb22daGMST,Wu18TSI,/Users/jlanders/PycharmProjects/holocene_TSI_temp_pb/hol_temp_tsi_ccm/Erb22daGMST_Wu18TSI/calc_local_tmp/calc_refactor/parquet/knn_20/tp_1/Erb22daGMST_Wu18TSI/E6_tau5/E6_tau5_lag18.parquet,False,True
1786473084118,5,6,,0.0,20,,1,19,32.0,100,False,TSI,temp,neither,0,Erb22daGMST,Wu18TSI,/Users/jlanders/PycharmProjects/holocene_TSI_temp_pb/hol_temp_tsi_ccm/Erb22daGMST_Wu18TSI/calc_local_tmp/calc_refactor/parquet/knn_20/tp_1/Erb22daGMST_Wu18TSI/E6_tau5/E6_tau5_lag19.parquet,False,True
1786473084120,5,6,,0.0,20,,1,20,32.0,100,False,TSI,temp,neither,0,Erb22daGMST,Wu18TSI,/Users/jlanders/PycharmProjects/holocene_TSI_temp_pb/hol_temp_tsi_ccm/Erb22daGMST_Wu18TSI/calc_local_tmp/calc_refactor/parquet/knn_20/tp_1/Erb22daGMST_Wu18TSI/E6_tau5/E6_tau5_lag20.parquet,False,True
1786473084121,5,6,,0.0,20,,1,21,32.0,100,False,TSI,temp,neither,0,Erb22daGMST,Wu18TSI,/Users/jlanders/PycharmProjects/holocene_TSI_temp_pb/hol_temp_tsi_ccm/Erb22daGMST_Wu18TSI/calc_local_tmp/calc_refactor/parquet/knn_20/tp_1/Erb22daGMST_Wu18TSI/E6_tau5/E6_tau5_lag21.parquet,False,True
1786473084122,5,6,,0.0,20,,1,22,32.0,100,False,TSI,temp,neither,0,Erb22daGMST,Wu18TSI,/Users/jlanders/PycharmProjects/holocene_TSI_temp_pb/hol_temp_tsi_ccm/Erb22daGMST_Wu18TSI/calc_local_tmp/calc_refactor/parquet/knn_20/tp_1/Erb22daGMST_Wu18TSI/E6_tau5/E6_tau5_lag22.parquet,False,True
1786473084123,5,6,,0.0,20,,1,23,32.0,100,False,TSI,temp,neither,0,Erb22daGMST,Wu18TSI,/Users/jlanders/PycharmProjects/holocene_TSI_temp_pb/hol_temp_tsi_ccm/Erb22daGMST_Wu18TSI/calc_local_tmp/calc_refactor/parquet/knn_20/tp_1/Erb22daGMST_Wu18TSI/E6_tau5/E6_tau5_lag23.parquet,False,True
1786473084125,5,6,,0.0,20,,1,24,32.0,100,False,TSI,temp,neither,0,Erb22daGMST,Wu18TSI,/Users/jlanders/PycharmProjects/holocene_TSI_temp_pb/hol_temp_tsi_ccm/Erb22daGMST_Wu18TSI/calc_local_tmp/calc_refactor/parquet/knn_20/tp_1/Erb22daGMST_Wu18TSI/E6_tau5/E6_tau5_lag24.parquet,False,True
1786473084126,5,6,,0.0,20,,1,25,32.0,100,False,TSI,temp,neither,0,Erb22daGMST,Wu18TSI,/Users/jlanders/PycharmProjects/holocene_TSI_temp_pb/hol_temp_tsi_ccm/Erb22daGMST_Wu18TSI/calc_local_tmp/calc_refactor/parquet/knn_20/tp_1/Erb22daGMST_Wu18TSI/E6_tau5/E6_tau5_lag25.parquet,False,True
1786473084127,5,6,,0.0,20,,1,26,32.0,100,False,TSI,temp,neither,0,Erb22daGMST,Wu18TSI,/Users/jlanders/PycharmProjects/holocene_TSI_temp_pb/hol_temp_tsi_ccm/Erb22daGMST_Wu18TSI/calc_local_tmp/calc_refactor/parquet/knn_20/tp_1/Erb22daGMST_Wu18TSI/E6_tau5/E6_tau5_lag26.parquet,False,True
1786473084129,5,6,,0.0,20,,1,27,32.0,100,False,TSI,temp,neither,0,Erb22daGMST,Wu18TSI,/Users/jlanders/PycharmProjects/holocene_TSI_temp_pb/hol_temp_tsi_ccm/Erb22daGMST_Wu18TSI/calc_local_tmp/calc_refactor/parquet/knn_20/tp_1/Erb22daGMST_Wu18TSI/E6_tau5/E6_tau5_lag27.parquet,False,True
1786473084130,5,6,,0.0,20,,1,28,32.0,100,False,TSI,temp,neither,0,Erb22daGMST,Wu18TSI,/Users/jlanders/PycharmProjects/holocene_TSI_temp_pb/hol_temp_tsi_ccm/Erb22daGMST_Wu18TSI/calc_local_tmp/calc_refactor/parquet/knn_20/tp_1/Erb22daGMST_Wu18TSI/E6_tau5/E6_tau5_lag28.parquet,False,True
1786473084131,5,6,,0.0,20,,1,29,32.0,100,False,TSI,temp,neither,0,Erb22daGMST,Wu18TSI,/Users/jlanders/PycharmProjects/holocene_TSI_temp_pb/hol_temp_tsi_ccm/Erb22daGMST_Wu18TSI/calc_local_tmp/calc_refactor/parquet/knn_20/tp_1/Erb22daGMST_Wu18TSI/E6_tau5/E6_tau5_lag29.parquet,False,True
1786473084132,5,6,,0.0,20,,1,30,32.0,100,False,TSI,temp,neither,0,Erb22daGMST,Wu18TSI,/Users/jlanders/PycharmProjects/holocene_TSI_temp_pb/hol_temp_tsi_ccm/Erb22daGMST_Wu18TSI/calc_local_tmp/calc_refactor/parquet/knn_20/tp_1/Erb22daGMST_Wu18TSI/E6_tau5/E6_tau5_lag30.parquet,False,True
1786473084134,5,6,,0.0,20,,1,31,32.0,100,False,TSI,temp,neither,0,Erb22daGMST,Wu18TSI,/Users/jlanders/PycharmProjects/holocene_TSI_temp_pb/hol_temp_tsi_ccm/Erb22daGMST_Wu18TSI/calc_local_tmp/calc_refactor/parquet/knn_20/tp_1/Erb22daGMST_Wu18TSI/E6_tau5/E6_tau5_lag31.parquet,False,True
1786473084135,5,6,,0.0,20,,1,32,32.0,100,False,TSI,temp,neither,0,Erb22daGMST,Wu18TSI,/Users/jlanders/PycharmProjects/holocene_TSI_temp_pb/hol_temp_tsi_ccm/Erb22daGMST_Wu18TSI/calc_local_tmp/calc_refactor/parquet/knn_20/tp_1/Erb22daGMST_Wu18TSI/E6_tau5/E6_tau5_lag32.parquet,False,True
1786473084136,5,6,,0.0,20,,1,33,32.0,100,False,TSI,temp,neither,0,Erb22daGMST,Wu18TSI,/Users/jlanders/PycharmProjects/holocene_TSI_temp_pb/hol_temp_tsi_ccm/Erb22daGMST_Wu18TSI/calc_local_tmp/calc_refactor/parquet/knn_20/tp_1/Erb22daGMST_Wu18TSI/E6_tau5/E6_tau5_lag33.parquet,False,True
1786473084138,5,6,,0.0,20,,1,34,32.0,100,False,TSI,temp,neither,0,Erb22daGMST,Wu18TSI,/Users/jlanders/PycharmProjects/holocene_TSI_temp_pb/hol_temp_tsi_ccm/Erb22daGMST_Wu18TSI/calc_local_tmp/calc_refactor/parquet/knn_20/tp_1/Erb22daGMST_Wu18TSI/E6_tau5/E6_tau5_lag34.parquet,False,True
1786473084139,5,6,,0.0,20,,1,35,32.0,100,False,TSI,temp,neither,0,Erb22daGMST,Wu18TSI,/Users/jlanders/PycharmProjects/holocene_TSI_temp_pb/hol_temp_tsi_ccm/Erb22daGMST_Wu18TSI/calc_local_tmp/calc_refactor/parquet/knn_20/tp_1/Erb22daGMST_Wu18TSI/E6_tau5/E6_tau5_lag35.parquet,False,True
1786473084140,5,6,,0.0,20,,1,36,32.0,100,False,TSI,temp,neither,0,Erb22daGMST,Wu18TSI,/Users/jlanders/PycharmProjects/holocene_TSI_temp_pb/hol_temp_tsi_ccm/Erb22daGMST_Wu18TSI/calc_local_tmp/calc_refactor/parquet/knn_20/tp_1/Erb22daGMST_Wu18TSI/E6_tau5/E6_tau5_lag36.parquet,False,True
1786473084141,5,6,,0.0,20,,1,37,32.0,100,False,TSI,temp,neither,0,Erb22daGMST,Wu18TSI,/Users/jlanders/PycharmProjects/holocene_TSI_temp_pb/hol_temp_tsi_ccm/Erb22daGMST_Wu18TSI/calc_local_tmp/calc_refactor/parquet/knn_20/tp_1/Erb22daGMST_Wu18TSI/E6_tau5/E6_tau5_lag37.parquet,False,True
1786473084143,5,6,,0.0,20,,1,38,32.0,100,False,TSI,temp,neither,0,Erb22daGMST,Wu18TSI,/Users/jlanders/PycharmProjects/holocene_TSI_temp_pb/hol_temp_tsi_ccm/Erb22daGMST_Wu18TSI/calc_local_tmp/calc_refactor/parquet/knn_20/tp_1/Erb22daGMST_Wu18TSI/E6_tau5/E6_tau5_lag38.parquet,False,True
1786473084144,5,6,,0.0,20,,1,39,32.0,100,False,TSI,temp,neither,0,Erb22daGMST,Wu18TSI,/Users/jlanders/PycharmProjects/holocene_TSI_temp_pb/hol_temp_tsi_ccm/Erb22daGMST_Wu18TSI/calc_local_tmp/calc_refactor/parquet/knn_20/tp_1/Erb22daGMST_Wu18TSI/E6_tau5/E6_tau5_lag39.parquet,False,True
1786473084145,5,6,,0.0,20,,1,40,32.0,100,False,TSI,temp,neither,0,Erb22daGMST,Wu18TSI,/Users/jlanders/PycharmProjects/holocene_TSI_temp_pb/hol_temp_tsi_ccm/Erb22daGMST_Wu18TSI/calc_local_tmp/calc_refactor/parquet/knn_20/tp_1/Erb22daGMST_Wu18TSI/E6_tau5/E6_tau5_lag40.parquet,False,True
